{
	"credit": " Made by koncept ",
	"parent": "minecraft:block/cube_all",
	"texture_size": [64, 64],
	"elements": [
		{
			"name": "leg3",
			"from": [8.5, 0, 13],
			"to": [9.5, 0, 13],
			"faces": {
				"north": {"uv": [1.5, 4.5, 1, 5], "rotation": 180, "texture": "#missing", "tintindex": 1},
				"east": {"uv": [0, 5, 0.5, 7], "rotation": 270, "texture": "#missing", "tintindex": 1},
				"south": {"uv": [1, 5, 0.5, 4.5], "texture": "#missing", "tintindex": 1},
				"west": {"uv": [1, 5, 1.5, 7], "rotation": 90, "texture": "#missing", "tintindex": 1},
				"up": {"uv": [0.5, 5, 1, 7], "rotation": 180, "texture": "#missing", "tintindex": 1},
				"down": {"uv": [1.5, 5, 2, 7], "texture": "#missing", "tintindex": 1}
			}
		}
	],
	"display": {
		"thirdperson_righthand": {
			"scale": [0.32, 0.32, 0.32]
		},
		"head": {
			"translation": [0, -28.75, -2.5],
			"scale": [1.7, 1.7, 1.7]
		},
		"fixed": {
			"rotation": [-90, 0, 0],
			"translation": [0, 0, -47],
			"scale": [2.53, 2.53, 2.53]
		}
	}
}