{
	"credit": " Made by koncept ",
	"parent": "minecraft:block/cube_all",
	"textures": {
		"0": "block/custom/armadillo",
		"particle": "block/custom/armadillo"
	},
	"elements": [
		{
			"from": [11, 0, 11],
			"to": [14, 5, 14],
			"faces": {
				"north": {"uv": [0.75, 15, 1.5, 16], "texture": "#0", "tintindex": 1},
				"east": {"uv": [0, 15, 0.75, 16], "texture": "#0", "tintindex": 1},
				"south": {"uv": [2.25, 14.25, 3, 16], "texture": "#0", "tintindex": 1},
				"west": {"uv": [1.5, 15, 2.25, 16], "texture": "#0", "tintindex": 1},
				"up": {"uv": [0.75, 13.5, 1.5, 14.25], "texture": "#0", "tintindex": 1},
				"down": {"uv": [1.5, 13.5, 2.25, 14.25], "texture": "#0", "tintindex": 1}
			}
		},
		{
			"from": [2, 0, 2],
			"to": [5, 5, 5],
			"faces": {
				"north": {"uv": [0.75, 15, 1.5, 16], "texture": "#0", "tintindex": 1},
				"east": {"uv": [0, 15, 0.75, 16], "texture": "#0", "tintindex": 1},
				"south": {"uv": [2.25, 14.25, 3, 16], "texture": "#0", "tintindex": 1},
				"west": {"uv": [1.5, 15, 2.25, 16], "texture": "#0", "tintindex": 1},
				"up": {"uv": [0.75, 13.5, 1.5, 14.25], "texture": "#0", "tintindex": 1},
				"down": {"uv": [1.5, 13.5, 2.25, 14.25], "texture": "#0", "tintindex": 1}
			}
		}
	],
	"display": {
		"thirdperson_righthand": {
			"rotation": [90, 0, 0],
			"translation": [-5.5, -2, -4]
		},
		"thirdperson_lefthand": {
			"rotation": [90, 0, 0],
			"translation": [-6.75, -2.25, -4]
		},
		"head": {
			"translation": [0, -27, -0.75],
			"scale": [2.05, 2.05, 2.05]
		},
		"fixed": {
			"rotation": [-90, 0, 0],
			"translation": [0, 0, -47],
			"scale": [2.53, 2.53, 2.53]
		}
	},
	"groups": [
		{
			"name": "n",
			"origin": [0, 0, 0],
			"color": 0,
			"nbt": "{}",
			"children": []
		},
		{
			"name": "n",
			"origin": [0, 0, 0],
			"color": 0,
			"nbt": "{}",
			"children": [0]
		},
		1
	]
}