{
	"credit": " Made by koncept ",
	"parent": "minecraft:block/cube_all",
	"texture_size": [64, 64],
	"textures": {
		"0": "block/custom/penguin",
		"particle": "block/custom/penguin"
	},
	"elements": [
		{
			"from": [3, 0, 5],
			"to": [11, 8, 15],
			"faces": {
				"north": {"uv": [0, 0, 2, 2], "rotation": 180, "texture": "#0", "tintindex": 1},
				"east": {"uv": [4, 2, 2, 4.5], "rotation": 90, "texture": "#0", "tintindex": 1},
				"south": {"uv": [0, 4.5, 2, 6.5], "rotation": 180, "texture": "#0", "tintindex": 1},
				"west": {"uv": [2, 2, 4, 4.5], "rotation": 270, "texture": "#0", "tintindex": 1},
				"up": {"uv": [4, 2, 6, 4.5], "texture": "#0", "tintindex": 1},
				"down": {"uv": [0, 2, 2, 4.5], "rotation": 180, "texture": "#0", "tintindex": 1}
			}
		},
		{
			"from": [8, 0, 9],
			"to": [9, 8, 19],
			"rotation": {"angle": 22.5, "axis": "y", "origin": [0, 0, 0]},
			"faces": {
				"north": {"uv": [0, 6.5, 2, 6.75], "rotation": 180, "texture": "#0", "tintindex": 1},
				"east": {"uv": [0, 6.75, 2, 9.25], "rotation": 90, "texture": "#0", "tintindex": 1},
				"south": {"uv": [0, 9.25, 2, 9.5], "texture": "#0", "tintindex": 1},
				"west": {"uv": [2, 6.75, 0, 9.25], "rotation": 270, "texture": "#0", "tintindex": 1},
				"up": {"uv": [0, 6.75, 0.25, 9.25], "texture": "#0", "tintindex": 1},
				"down": {"uv": [2, 6.75, 2.25, 9.25], "rotation": 180, "texture": "#0", "tintindex": 1}
			}
		},
		{
			"from": [4, 0, 3.5],
			"to": [5, 8, 13.5],
			"rotation": {"angle": -22.5, "axis": "y", "origin": [0, 0, 0]},
			"faces": {
				"north": {"uv": [0, 6.5, 2, 6.75], "rotation": 180, "texture": "#0", "tintindex": 1},
				"east": {"uv": [0, 6.75, 2, 9.25], "rotation": 90, "texture": "#0", "tintindex": 1},
				"south": {"uv": [0, 9.25, 2, 9.5], "texture": "#0", "tintindex": 1},
				"west": {"uv": [2, 6.75, 0, 9.25], "rotation": 270, "texture": "#0", "tintindex": 1},
				"up": {"uv": [0, 6.75, 0.25, 9.25], "texture": "#0", "tintindex": 1},
				"down": {"uv": [2, 6.75, 2.25, 9.25], "rotation": 180, "texture": "#0", "tintindex": 1}
			}
		},
		{
			"from": [3, 3, 1],
			"to": [11, 9, 9],
			"faces": {
				"north": {"uv": [7, 2, 9, 3.5], "texture": "#0", "tintindex": 1},
				"east": {"uv": [11, 2, 9, 3.5], "texture": "#0", "tintindex": 1},
				"south": {"uv": [11, 2, 13, 3.5], "texture": "#0", "tintindex": 1},
				"west": {"uv": [9, 2, 11, 3.5], "texture": "#0", "tintindex": 1},
				"up": {"uv": [7, 2, 9, 0], "texture": "#0", "tintindex": 1},
				"down": {"uv": [7, 3.5, 9, 5.5], "texture": "#0", "tintindex": 1}
			}
		},
		{
			"from": [6, 3, -1],
			"to": [8, 4, 0],
			"faces": {
				"north": {"uv": [9.75, 1.25, 10.25, 1.75], "texture": "#0", "tintindex": 1},
				"east": {"uv": [9.75, 1.25, 10.25, 1.75], "texture": "#0", "tintindex": 1},
				"south": {"uv": [9.75, 1.25, 10.25, 1.75], "texture": "#0", "tintindex": 1},
				"west": {"uv": [9.75, 1.25, 10.25, 1.75], "texture": "#0", "tintindex": 1},
				"up": {"uv": [9.75, 1.25, 10.25, 1.75], "texture": "#0", "tintindex": 1},
				"down": {"uv": [9.75, 1.25, 10.25, 1.75], "texture": "#0", "tintindex": 1}
			}
		},
		{
			"from": [6, 4, -1],
			"to": [8, 5, 1],
			"faces": {
				"north": {"uv": [9.75, 1.25, 10.25, 1.75], "texture": "#0", "tintindex": 1},
				"east": {"uv": [9.75, 1.25, 10.25, 1.75], "texture": "#0", "tintindex": 1},
				"south": {"uv": [9.75, 1.25, 10.25, 1.75], "texture": "#0", "tintindex": 1},
				"west": {"uv": [9.75, 1.25, 10.25, 1.75], "texture": "#0", "tintindex": 1},
				"up": {"uv": [9.75, 1.25, 10.25, 1.75], "texture": "#0", "tintindex": 1},
				"down": {"uv": [9.75, 1.25, 10.25, 1.75], "texture": "#0", "tintindex": 1}
			}
		},
		{
			"from": [6, 5, 0],
			"to": [8, 6, 1],
			"faces": {
				"north": {"uv": [9.75, 1.25, 10.25, 1.75], "texture": "#0", "tintindex": 1},
				"east": {"uv": [9.75, 1.25, 10.25, 1.75], "texture": "#0", "tintindex": 1},
				"south": {"uv": [9.75, 1.25, 10.25, 1.75], "texture": "#0", "tintindex": 1},
				"west": {"uv": [9.75, 1.25, 10.25, 1.75], "texture": "#0", "tintindex": 1},
				"up": {"uv": [9.75, 1.25, 10.25, 1.75], "texture": "#0", "tintindex": 1},
				"down": {"uv": [9.75, 1.25, 10.25, 1.75], "texture": "#0", "tintindex": 1}
			}
		},
		{
			"from": [2, 8, 0.9],
			"to": [6, 11, 0.9],
			"faces": {
				"north": {"uv": [9.25, 0, 10.25, 0.75], "texture": "#0", "tintindex": 1},
				"east": {"uv": [0, 0, 0, 0.75], "texture": "#missing", "tintindex": 1},
				"south": {"uv": [10.25, 0, 9.25, 0.75], "texture": "#0", "tintindex": 1},
				"west": {"uv": [0, 0, 0, 0.75], "texture": "#missing", "tintindex": 1},
				"up": {"uv": [0, 0, 1, 0], "texture": "#missing", "tintindex": 1},
				"down": {"uv": [0, 0, 1, 0], "texture": "#missing", "tintindex": 1}
			}
		},
		{
			"from": [2.01, 8, 1],
			"to": [2.01, 11, 5],
			"faces": {
				"north": {"uv": [0, 0, 0, 0.75], "texture": "#missing", "tintindex": 1},
				"east": {"uv": [11.25, 0, 10.25, 0.75], "texture": "#0", "tintindex": 1},
				"south": {"uv": [0, 0, 0, 0.75], "texture": "#missing", "tintindex": 1},
				"west": {"uv": [10.25, 0, 11.25, 0.75], "texture": "#0", "tintindex": 1},
				"up": {"uv": [0, 0, 1, 0], "rotation": 270, "texture": "#missing", "tintindex": 1},
				"down": {"uv": [0, 0, 1, 0], "rotation": 90, "texture": "#missing", "tintindex": 1}
			}
		},
		{
			"from": [8, 8, 0.9],
			"to": [12, 11, 0.9],
			"faces": {
				"north": {"uv": [10.25, 0, 9.25, 0.75], "texture": "#0", "tintindex": 1},
				"east": {"uv": [0, 0, 0, 0.75], "texture": "#missing", "tintindex": 1},
				"south": {"uv": [9.25, 0, 10.25, 0.75], "texture": "#0", "tintindex": 1},
				"west": {"uv": [0, 0, 0, 0.75], "texture": "#missing", "tintindex": 1},
				"up": {"uv": [0, 0, 1, 0], "texture": "#missing", "tintindex": 1},
				"down": {"uv": [0, 0, 1, 0], "texture": "#missing", "tintindex": 1}
			}
		},
		{
			"from": [12.01, 8, 1],
			"to": [12.01, 11, 5],
			"faces": {
				"north": {"uv": [0, 0, 0, 0.75], "texture": "#missing", "tintindex": 1},
				"east": {"uv": [11.25, 0, 10.25, 0.75], "texture": "#0", "tintindex": 1},
				"south": {"uv": [0, 0, 0, 0.75], "texture": "#missing", "tintindex": 1},
				"west": {"uv": [10.25, 0, 11.25, 0.75], "texture": "#0", "tintindex": 1},
				"up": {"uv": [0, 0, 1, 0], "rotation": 270, "texture": "#missing", "tintindex": 1},
				"down": {"uv": [0, 0, 1, 0], "rotation": 90, "texture": "#missing", "tintindex": 1}
			}
		},
		{
			"from": [8.5, 4, 13],
			"to": [9.5, 4, 18],
			"faces": {
				"north": {"uv": [0, 0, 0.25, 0], "rotation": 180, "texture": "#0", "tintindex": 1},
				"east": {"uv": [0, 0, 0, 1.25], "rotation": 90, "texture": "#0", "tintindex": 1},
				"south": {"uv": [0, 0, 0.25, 0], "texture": "#0", "tintindex": 1},
				"west": {"uv": [0, 0, 0, 1.25], "rotation": 270, "texture": "#0", "tintindex": 1},
				"up": {"uv": [3.75, 4.5, 4, 5.5], "texture": "#0", "tintindex": 1},
				"down": {"uv": [3.75, 4.5, 4, 5.5], "rotation": 180, "texture": "#0", "tintindex": 1}
			}
		},
		{
			"from": [7.5, 1, 17.8],
			"to": [10.5, 4, 17.8],
			"faces": {
				"north": {"uv": [3.5, 5, 4.25, 5.75], "texture": "#0", "tintindex": 1},
				"east": {"uv": [0, 0, 0.75, 0], "rotation": 90, "texture": "#0", "tintindex": 1},
				"south": {"uv": [3.5, 5, 4.25, 5.75], "texture": "#0", "tintindex": 1},
				"west": {"uv": [0, 0, 0.75, 0], "rotation": 270, "texture": "#0", "tintindex": 1},
				"up": {"uv": [0, 0, 0.75, 0], "texture": "#0", "tintindex": 1},
				"down": {"uv": [0, 0, 0.75, 0], "rotation": 180, "texture": "#0", "tintindex": 1}
			}
		},
		{
			"from": [4.5, 4, 13],
			"to": [5.5, 4, 18],
			"faces": {
				"north": {"uv": [0, 0, 0.25, 0], "rotation": 180, "texture": "#0", "tintindex": 1},
				"east": {"uv": [0, 0, 0, 1.25], "rotation": 90, "texture": "#0", "tintindex": 1},
				"south": {"uv": [0, 0, 0.25, 0], "texture": "#0", "tintindex": 1},
				"west": {"uv": [0, 0, 0, 1.25], "rotation": 270, "texture": "#0", "tintindex": 1},
				"up": {"uv": [3.75, 4.5, 4, 5.5], "texture": "#0", "tintindex": 1},
				"down": {"uv": [3.75, 4.5, 4, 5.5], "rotation": 180, "texture": "#0", "tintindex": 1}
			}
		},
		{
			"from": [3.5, 1, 17.8],
			"to": [6.5, 4, 17.8],
			"faces": {
				"north": {"uv": [3.5, 5, 4.25, 5.75], "texture": "#0", "tintindex": 1},
				"east": {"uv": [0, 0, 0.75, 0], "rotation": 90, "texture": "#0", "tintindex": 1},
				"south": {"uv": [3.5, 5, 4.25, 5.75], "texture": "#0", "tintindex": 1},
				"west": {"uv": [0, 0, 0.75, 0], "rotation": 270, "texture": "#0", "tintindex": 1},
				"up": {"uv": [0, 0, 0.75, 0], "texture": "#0", "tintindex": 1},
				"down": {"uv": [0, 0, 0.75, 0], "rotation": 180, "texture": "#0", "tintindex": 1}
			}
		}
	],
	"display": {
		"thirdperson_righthand": {
			"rotation": [90, 0, 0],
			"scale": [1.32, 1.32, 1.32]
		},
		"head": {
			"translation": [0, -27, -0.75],
			"scale": [2.05, 2.05, 2.05]
		},
		"fixed": {
			"rotation": [-90, 0, 0],
			"translation": [0, 0, -47],
			"scale": [2.53, 2.53, 2.53]
		}
	},
	"groups": [
		{
			"name": "group",
			"origin": [0, 0, 0],
			"color": 0,
			"nbt": "{}",
			"children": [0, 1, 2]
		},
		{
			"name": "group",
			"origin": [0, 0, 0],
			"color": 0,
			"nbt": "{}",
			"children": [3, 4, 5, 6, 7, 8, 9, 10]
		},
		{
			"name": "group",
			"origin": [0, 0, 0],
			"color": 0,
			"nbt": "{}",
			"children": [11, 12]
		},
		{
			"name": "group",
			"origin": [0, 0, 0],
			"color": 0,
			"nbt": "{}",
			"children": [13, 14]
		}
	]
}