{
	"credit": " Made by koncept ",
	"parent": "minecraft:block/cube_all",
	"texture_size": [32, 32],
	"textures": {
		"2": "block/custom/crab2",
		"3": "block/custom/crab",
		"particle": "block/custom/crab2"
	},
	"elements": [
		{
			"from": [3, 4, 2],
			"to": [15, 10, 14],
			"rotation": {"angle": 0, "axis": "y", "origin": [0, -1, -1]},
			"faces": {
				"north": {"uv": [12, 8.5, 6, 11.5], "texture": "#3", "tintindex": 1},
				"east": {"uv": [6, 11.5, 12, 14.5], "texture": "#3", "tintindex": 1},
				"south": {"uv": [6, 8.5, 12, 11.5], "texture": "#3", "tintindex": 1},
				"west": {"uv": [0, 8.5, 6, 11.5], "texture": "#3", "tintindex": 1},
				"up": {"uv": [6, 6, 0, 0], "rotation": 270, "texture": "#3", "tintindex": 1},
				"down": {"uv": [12, 0, 6, 6], "rotation": 90, "texture": "#3", "tintindex": 1}
			}
		},
		{
			"from": [1, 3, -2],
			"to": [1, 8, 5],
			"rotation": {"angle": -22.5, "axis": "y", "origin": [1, 5, 1]},
			"faces": {
				"north": {"uv": [0, 0, 0, 2.5], "texture": "#2", "tintindex": 1},
				"east": {"uv": [4.5, 0.5, 1, 3], "texture": "#2", "tintindex": 1},
				"south": {"uv": [0, 0, 0, 2.5], "texture": "#2", "tintindex": 1},
				"west": {"uv": [1, 0.5, 4.5, 3], "texture": "#2", "tintindex": 1},
				"up": {"uv": [0, 0, 3.5, 0], "rotation": 270, "texture": "#2", "tintindex": 1},
				"down": {"uv": [0, 0, 3.5, 0], "rotation": 90, "texture": "#2", "tintindex": 1}
			}
		},
		{
			"from": [3, 3, -2],
			"to": [3, 8, 5],
			"rotation": {"angle": -22.5, "axis": "y", "origin": [1, 5, 1]},
			"faces": {
				"north": {"uv": [0, 0, 0, 2.5], "texture": "#2", "tintindex": 1},
				"east": {"uv": [4.5, 0.5, 1, 3], "texture": "#2", "tintindex": 1},
				"south": {"uv": [0, 0, 0, 2.5], "texture": "#2", "tintindex": 1},
				"west": {"uv": [1, 0.5, 4.5, 3], "texture": "#2", "tintindex": 1},
				"up": {"uv": [0, 0, 3.5, 0], "rotation": 270, "texture": "#2", "tintindex": 1},
				"down": {"uv": [0, 0, 3.5, 0], "rotation": 90, "texture": "#2", "tintindex": 1}
			}
		},
		{
			"from": [1, 3, -2],
			"to": [3, 8, -2],
			"rotation": {"angle": -22.5, "axis": "y", "origin": [1, 5, 1]},
			"faces": {
				"north": {"uv": [0, 0.5, 1, 3], "texture": "#2", "tintindex": 1},
				"east": {"uv": [4.5, 0.5, 1, 3], "texture": "#2", "tintindex": 1},
				"south": {"uv": [0, 0.5, 1, 3], "texture": "#2", "tintindex": 1},
				"west": {"uv": [1, 0.5, 4.5, 3], "texture": "#2", "tintindex": 1},
				"up": {"uv": [0, 0, 3.5, 0], "rotation": 270, "texture": "#2", "tintindex": 1},
				"down": {"uv": [0, 0, 3.5, 0], "rotation": 90, "texture": "#2", "tintindex": 1}
			}
		},
		{
			"from": [1, 8, -2],
			"to": [3, 8, 5],
			"rotation": {"angle": -22.5, "axis": "y", "origin": [1, 5, 1]},
			"faces": {
				"north": {"uv": [0, 0, 0, 2.5], "rotation": 270, "texture": "#2", "tintindex": 1},
				"east": {"uv": [0, 0, 3.5, 0], "texture": "#2", "tintindex": 1},
				"south": {"uv": [0, 0, 0, 2.5], "rotation": 90, "texture": "#2", "tintindex": 1},
				"west": {"uv": [0, 0, 3.5, 0], "rotation": 180, "texture": "#2", "tintindex": 1},
				"up": {"uv": [5.5, 0.5, 1, 1.5], "rotation": 90, "texture": "#2", "tintindex": 1},
				"down": {"uv": [4.5, 0.5, 1, 3], "rotation": 90, "texture": "#2", "tintindex": 1}
			}
		},
		{
			"from": [1, 3, 5],
			"to": [3, 8, 5],
			"rotation": {"angle": -22.5, "axis": "y", "origin": [1, 5, 1]},
			"faces": {
				"north": {"uv": [3, 0.5, 4, 3], "texture": "#2", "tintindex": 1},
				"east": {"uv": [4.5, 0.5, 1, 3], "texture": "#2", "tintindex": 1},
				"south": {"uv": [3, 0.5, 4, 3], "texture": "#2", "tintindex": 1},
				"west": {"uv": [1, 0.5, 4.5, 3], "texture": "#2", "tintindex": 1},
				"up": {"uv": [0, 0, 3.5, 0], "rotation": 270, "texture": "#2", "tintindex": 1},
				"down": {"uv": [0, 0, 3.5, 0], "rotation": 90, "texture": "#2", "tintindex": 1}
			}
		},
		{
			"from": [1.5, 2, -2],
			"to": [1.5, 4, 4],
			"rotation": {"angle": -22.5, "axis": "y", "origin": [1, 5, 1]},
			"faces": {
				"north": {"uv": [0, 0, 0, 2.5], "texture": "#2", "tintindex": 1},
				"east": {"uv": [4, 4.5, 1, 3.5], "texture": "#2", "tintindex": 1},
				"south": {"uv": [0, 0, 0, 2.5], "texture": "#2", "tintindex": 1},
				"west": {"uv": [1, 4.5, 4, 3.5], "texture": "#2", "tintindex": 1},
				"up": {"uv": [0, 0, 3.5, 0], "rotation": 270, "texture": "#2", "tintindex": 1},
				"down": {"uv": [0, 0, 3.5, 0], "rotation": 90, "texture": "#2", "tintindex": 1}
			}
		},
		{
			"from": [2.5, 2, -2],
			"to": [2.5, 4, 4],
			"rotation": {"angle": -22.5, "axis": "y", "origin": [1, 5, 1]},
			"faces": {
				"north": {"uv": [0, 0, 0, 2.5], "texture": "#2", "tintindex": 1},
				"east": {"uv": [4, 4.5, 1, 3.5], "texture": "#2", "tintindex": 1},
				"south": {"uv": [0, 0, 0, 2.5], "texture": "#2", "tintindex": 1},
				"west": {"uv": [1, 4.5, 4, 3.5], "texture": "#2", "tintindex": 1},
				"up": {"uv": [0, 0, 3.5, 0], "rotation": 270, "texture": "#2", "tintindex": 1},
				"down": {"uv": [0, 0, 3.5, 0], "rotation": 90, "texture": "#2", "tintindex": 1}
			}
		},
		{
			"from": [1.5, 2, -2],
			"to": [2.5, 2, 4],
			"rotation": {"angle": -22.5, "axis": "y", "origin": [1, 5, 1]},
			"faces": {
				"north": {"uv": [0, 0, 0, 2.5], "rotation": 90, "texture": "#2", "tintindex": 1},
				"east": {"uv": [0, 0, 3.5, 0], "texture": "#2", "tintindex": 1},
				"south": {"uv": [0, 0, 0, 2.5], "rotation": 270, "texture": "#2", "tintindex": 1},
				"west": {"uv": [0, 0, 3.5, 0], "rotation": 180, "texture": "#2", "tintindex": 1},
				"up": {"uv": [4, 4, 1, 3.5], "rotation": 270, "texture": "#2", "tintindex": 1},
				"down": {"uv": [1, 4, 4, 3.5], "rotation": 270, "texture": "#2", "tintindex": 1}
			}
		},
		{
			"from": [1.5, 2, -1.9],
			"to": [2.5, 4, -1.9],
			"rotation": {"angle": -22.5, "axis": "y", "origin": [1, 5, 1]},
			"faces": {
				"north": {"uv": [1, 4.5, 1.5, 3.5], "texture": "#2", "tintindex": 1},
				"east": {"uv": [4, 4.5, 1, 3.5], "texture": "#2", "tintindex": 1},
				"south": {"uv": [1, 4.5, 1.5, 3.5], "texture": "#2", "tintindex": 1},
				"west": {"uv": [1, 4.5, 4, 3.5], "texture": "#2", "tintindex": 1},
				"up": {"uv": [0, 0, 3.5, 0], "rotation": 270, "texture": "#2", "tintindex": 1},
				"down": {"uv": [0, 0, 3.5, 0], "rotation": 90, "texture": "#2", "tintindex": 1}
			}
		},
		{
			"from": [1.5, 2, 4],
			"to": [2.5, 4, 4],
			"rotation": {"angle": -22.5, "axis": "y", "origin": [1, 5, 1]},
			"faces": {
				"north": {"uv": [1, 4.5, 1.5, 3.5], "texture": "#2", "tintindex": 1},
				"east": {"uv": [4, 4.5, 1, 3.5], "texture": "#2", "tintindex": 1},
				"south": {"uv": [1, 4.5, 1.5, 3.5], "texture": "#2", "tintindex": 1},
				"west": {"uv": [1, 4.5, 4, 3.5], "texture": "#2", "tintindex": 1},
				"up": {"uv": [0, 0, 3.5, 0], "rotation": 270, "texture": "#2", "tintindex": 1},
				"down": {"uv": [0, 0, 3.5, 0], "rotation": 90, "texture": "#2", "tintindex": 1}
			}
		},
		{
			"from": [9, 5, 11],
			"to": [11, 7, 15],
			"rotation": {"angle": -22.5, "axis": "y", "origin": [0, 0, 0]},
			"faces": {
				"north": {"uv": [0.5, 1, 1.5, 2], "texture": "#2", "tintindex": 1},
				"east": {"uv": [0, 1, 2, 2], "texture": "#2", "tintindex": 1},
				"south": {"uv": [1, 0.5, 2, 1.5], "texture": "#2", "tintindex": 1},
				"west": {"uv": [0, 1.5, 2, 2.5], "texture": "#2", "tintindex": 1},
				"up": {"uv": [0, 1, 1, 3], "texture": "#2", "tintindex": 1},
				"down": {"uv": [0.5, 1, 1.5, 3], "texture": "#2", "tintindex": 1}
			}
		},
		{
			"from": [1, 5, 2],
			"to": [3, 7, 6],
			"rotation": {"angle": 45, "axis": "y", "origin": [0, 0, 0]},
			"faces": {
				"north": {"uv": [0.5, 1, 1.5, 2], "texture": "#2", "tintindex": 1},
				"east": {"uv": [0, 1, 2, 2], "texture": "#2", "tintindex": 1},
				"south": {"uv": [1, 0.5, 2, 1.5], "texture": "#2", "tintindex": 1},
				"west": {"uv": [0, 1.5, 2, 2.5], "texture": "#2", "tintindex": 1},
				"up": {"uv": [0, 1, 1, 3], "texture": "#2", "tintindex": 1},
				"down": {"uv": [0.5, 1, 1.5, 3], "texture": "#2", "tintindex": 1}
			}
		},
		{
			"from": [-2, 3, 10],
			"to": [-2, 8, 17],
			"rotation": {"angle": 22.5, "axis": "y", "origin": [1, 5, 1]},
			"faces": {
				"north": {"uv": [0, 0, 0, 2.5], "texture": "#2", "tintindex": 1},
				"east": {"uv": [1, 0.5, 4.5, 3], "texture": "#2", "tintindex": 1},
				"south": {"uv": [0, 0, 0, 2.5], "texture": "#2", "tintindex": 1},
				"west": {"uv": [4.5, 0.5, 1, 3], "texture": "#2", "tintindex": 1},
				"up": {"uv": [0, 0, 3.5, 0], "rotation": 90, "texture": "#2", "tintindex": 1},
				"down": {"uv": [0, 0, 3.5, 0], "rotation": 270, "texture": "#2", "tintindex": 1}
			}
		},
		{
			"from": [-4, 3, 10],
			"to": [-4, 8, 17],
			"rotation": {"angle": 22.5, "axis": "y", "origin": [1, 5, 1]},
			"faces": {
				"north": {"uv": [0, 0, 0, 2.5], "texture": "#2", "tintindex": 1},
				"east": {"uv": [1, 0.5, 4.5, 3], "texture": "#2", "tintindex": 1},
				"south": {"uv": [0, 0, 0, 2.5], "texture": "#2", "tintindex": 1},
				"west": {"uv": [4.5, 0.5, 1, 3], "texture": "#2", "tintindex": 1},
				"up": {"uv": [0, 0, 3.5, 0], "rotation": 90, "texture": "#2", "tintindex": 1},
				"down": {"uv": [0, 0, 3.5, 0], "rotation": 270, "texture": "#2", "tintindex": 1}
			}
		},
		{
			"from": [-4, 3, 17],
			"to": [-2, 8, 17],
			"rotation": {"angle": 22.5, "axis": "y", "origin": [1, 5, 1]},
			"faces": {
				"north": {"uv": [0, 0.5, 1, 3], "texture": "#2", "tintindex": 1},
				"east": {"uv": [1, 0.5, 4.5, 3], "texture": "#2", "tintindex": 1},
				"south": {"uv": [0, 0.5, 1, 3], "texture": "#2", "tintindex": 1},
				"west": {"uv": [4.5, 0.5, 1, 3], "texture": "#2", "tintindex": 1},
				"up": {"uv": [0, 0, 3.5, 0], "rotation": 90, "texture": "#2", "tintindex": 1},
				"down": {"uv": [0, 0, 3.5, 0], "rotation": 270, "texture": "#2", "tintindex": 1}
			}
		},
		{
			"from": [-4, 8, 10],
			"to": [-2, 8, 17],
			"rotation": {"angle": 22.5, "axis": "y", "origin": [1, 5, 1]},
			"faces": {
				"north": {"uv": [0, 0, 0, 2.5], "rotation": 90, "texture": "#2", "tintindex": 1},
				"east": {"uv": [0, 0, 3.5, 0], "rotation": 180, "texture": "#2", "tintindex": 1},
				"south": {"uv": [0, 0, 0, 2.5], "rotation": 270, "texture": "#2", "tintindex": 1},
				"west": {"uv": [0, 0, 3.5, 0], "texture": "#2", "tintindex": 1},
				"up": {"uv": [5.5, 0.5, 1, 1.5], "rotation": 270, "texture": "#2", "tintindex": 1},
				"down": {"uv": [4.5, 0.5, 1, 3], "rotation": 270, "texture": "#2", "tintindex": 1}
			}
		},
		{
			"from": [-4, 3, 10],
			"to": [-2, 8, 10],
			"rotation": {"angle": 22.5, "axis": "y", "origin": [1, 5, 1]},
			"faces": {
				"north": {"uv": [3, 0.5, 4, 3], "texture": "#2", "tintindex": 1},
				"east": {"uv": [1, 0.5, 4.5, 3], "texture": "#2", "tintindex": 1},
				"south": {"uv": [3, 0.5, 4, 3], "texture": "#2", "tintindex": 1},
				"west": {"uv": [4.5, 0.5, 1, 3], "texture": "#2", "tintindex": 1},
				"up": {"uv": [0, 0, 3.5, 0], "rotation": 90, "texture": "#2", "tintindex": 1},
				"down": {"uv": [0, 0, 3.5, 0], "rotation": 270, "texture": "#2", "tintindex": 1}
			}
		},
		{
			"from": [-2.5, 2, 11],
			"to": [-2.5, 4, 17],
			"rotation": {"angle": 22.5, "axis": "y", "origin": [1, 5, 1]},
			"faces": {
				"north": {"uv": [0, 0, 0, 2.5], "texture": "#2", "tintindex": 1},
				"east": {"uv": [1, 4.5, 4, 3.5], "texture": "#2", "tintindex": 1},
				"south": {"uv": [0, 0, 0, 2.5], "texture": "#2", "tintindex": 1},
				"west": {"uv": [4, 4.5, 1, 3.5], "texture": "#2", "tintindex": 1},
				"up": {"uv": [0, 0, 3.5, 0], "rotation": 90, "texture": "#2", "tintindex": 1},
				"down": {"uv": [0, 0, 3.5, 0], "rotation": 270, "texture": "#2", "tintindex": 1}
			}
		},
		{
			"from": [-3.5, 2, 11],
			"to": [-3.5, 4, 17],
			"rotation": {"angle": 22.5, "axis": "y", "origin": [1, 5, 1]},
			"faces": {
				"north": {"uv": [0, 0, 0, 2.5], "texture": "#2", "tintindex": 1},
				"east": {"uv": [1, 4.5, 4, 3.5], "texture": "#2", "tintindex": 1},
				"south": {"uv": [0, 0, 0, 2.5], "texture": "#2", "tintindex": 1},
				"west": {"uv": [4, 4.5, 1, 3.5], "texture": "#2", "tintindex": 1},
				"up": {"uv": [0, 0, 3.5, 0], "rotation": 90, "texture": "#2", "tintindex": 1},
				"down": {"uv": [0, 0, 3.5, 0], "rotation": 270, "texture": "#2", "tintindex": 1}
			}
		},
		{
			"from": [-3.5, 2, 11],
			"to": [-2.5, 2, 17],
			"rotation": {"angle": 22.5, "axis": "y", "origin": [1, 5, 1]},
			"faces": {
				"north": {"uv": [0, 0, 0, 2.5], "rotation": 270, "texture": "#2", "tintindex": 1},
				"east": {"uv": [0, 0, 3.5, 0], "rotation": 180, "texture": "#2", "tintindex": 1},
				"south": {"uv": [0, 0, 0, 2.5], "rotation": 90, "texture": "#2", "tintindex": 1},
				"west": {"uv": [0, 0, 3.5, 0], "texture": "#2", "tintindex": 1},
				"up": {"uv": [4, 4, 1, 3.5], "rotation": 90, "texture": "#2", "tintindex": 1},
				"down": {"uv": [1, 4, 4, 3.5], "rotation": 90, "texture": "#2", "tintindex": 1}
			}
		},
		{
			"from": [-3.5, 2, 16.9],
			"to": [-2.5, 4, 16.9],
			"rotation": {"angle": 22.5, "axis": "y", "origin": [1, 5, 1]},
			"faces": {
				"north": {"uv": [1, 4.5, 1.5, 3.5], "texture": "#2", "tintindex": 1},
				"east": {"uv": [1, 4.5, 4, 3.5], "texture": "#2", "tintindex": 1},
				"south": {"uv": [1, 4.5, 1.5, 3.5], "texture": "#2", "tintindex": 1},
				"west": {"uv": [4, 4.5, 1, 3.5], "texture": "#2", "tintindex": 1},
				"up": {"uv": [0, 0, 3.5, 0], "rotation": 90, "texture": "#2", "tintindex": 1},
				"down": {"uv": [0, 0, 3.5, 0], "rotation": 270, "texture": "#2", "tintindex": 1}
			}
		},
		{
			"from": [-3.5, 2, 11],
			"to": [-2.5, 4, 11],
			"rotation": {"angle": 22.5, "axis": "y", "origin": [1, 5, 1]},
			"faces": {
				"north": {"uv": [1, 4.5, 1.5, 3.5], "texture": "#2", "tintindex": 1},
				"east": {"uv": [1, 4.5, 4, 3.5], "texture": "#2", "tintindex": 1},
				"south": {"uv": [1, 4.5, 1.5, 3.5], "texture": "#2", "tintindex": 1},
				"west": {"uv": [4, 4.5, 1, 3.5], "texture": "#2", "tintindex": 1},
				"up": {"uv": [0, 0, 3.5, 0], "rotation": 90, "texture": "#2", "tintindex": 1},
				"down": {"uv": [0, 0, 3.5, 0], "rotation": 270, "texture": "#2", "tintindex": 1}
			}
		}
	],
	"display": {
		"thirdperson_righthand": {
			"scale": [0.32, 0.32, 0.32]
		},
		"head": {
			"translation": [0, -27, -0.75],
			"scale": [2.05, 2.05, 2.05]
		},
		"fixed": {
			"rotation": [-90, 0, 0],
			"translation": [0, 0, -47],
			"scale": [2.53, 2.53, 2.53]
		}
	},
	"groups": [
		0,
		{
			"name": "group",
			"origin": [0, 0, 0],
			"color": 0,
			"nbt": "{}",
			"children": [1, 2, 3, 4, 5, 6, 7, 8, 9, 10]
		},
		11,
		12,
		{
			"name": "group",
			"origin": [0, 0, 0],
			"color": 0,
			"nbt": "{}",
			"children": [13, 14, 15, 16, 17, 18, 19, 20, 21, 22]
		}
	]
}