{
	"credit": "Made with Blockbench",
	"texture_size": [32, 32],
	"textures": {
		"2": "block/custom/crab2",
		"particle": "block/custom/crab2"
	},
	"elements": [
		{
			"from": [9, 4, 4],
			"to": [9, 9, 11],
			"rotation": {"angle": 0, "axis": "y", "origin": [6, 6, 8]},
			"faces": {
				"north": {"uv": [0, 0, 0, 2.5], "texture": "#2", "tintindex": 1},
				"east": {"uv": [1, 0.5, 4.5, 3], "texture": "#2", "tintindex": 1},
				"south": {"uv": [0, 0, 0, 2.5], "texture": "#2", "tintindex": 1},
				"west": {"uv": [4.5, 0.5, 1, 3], "texture": "#2", "tintindex": 1},
				"up": {"uv": [0, 0, 3.5, 0], "rotation": 90, "texture": "#2", "tintindex": 1},
				"down": {"uv": [0, 0, 3.5, 0], "rotation": 270, "texture": "#2", "tintindex": 1}
			}
		},
		{
			"from": [7, 4, 4],
			"to": [7, 9, 11],
			"rotation": {"angle": 0, "axis": "y", "origin": [6, 6, 8]},
			"faces": {
				"north": {"uv": [0, 0, 0, 2.5], "texture": "#2", "tintindex": 1},
				"east": {"uv": [1, 0.5, 4.5, 3], "texture": "#2", "tintindex": 1},
				"south": {"uv": [0, 0, 0, 2.5], "texture": "#2", "tintindex": 1},
				"west": {"uv": [4.5, 0.5, 1, 3], "texture": "#2", "tintindex": 1},
				"up": {"uv": [0, 0, 3.5, 0], "rotation": 90, "texture": "#2", "tintindex": 1},
				"down": {"uv": [0, 0, 3.5, 0], "rotation": 270, "texture": "#2", "tintindex": 1}
			}
		},
		{
			"from": [7, 4, 11],
			"to": [9, 9, 11],
			"rotation": {"angle": 0, "axis": "y", "origin": [6, 6, 8]},
			"faces": {
				"north": {"uv": [0, 0.5, 1, 3], "texture": "#2", "tintindex": 1},
				"east": {"uv": [1, 0.5, 4.5, 3], "texture": "#2", "tintindex": 1},
				"south": {"uv": [0, 0.5, 1, 3], "texture": "#2", "tintindex": 1},
				"west": {"uv": [4.5, 0.5, 1, 3], "texture": "#2", "tintindex": 1},
				"up": {"uv": [0, 0, 3.5, 0], "rotation": 90, "texture": "#2", "tintindex": 1},
				"down": {"uv": [0, 0, 3.5, 0], "rotation": 270, "texture": "#2", "tintindex": 1}
			}
		},
		{
			"from": [7, 9, 4],
			"to": [9, 9, 11],
			"rotation": {"angle": 0, "axis": "y", "origin": [6, 6, 8]},
			"faces": {
				"north": {"uv": [0, 0, 0, 2.5], "rotation": 90, "texture": "#2", "tintindex": 1},
				"east": {"uv": [0, 0, 3.5, 0], "rotation": 180, "texture": "#2", "tintindex": 1},
				"south": {"uv": [0, 0, 0, 2.5], "rotation": 270, "texture": "#2", "tintindex": 1},
				"west": {"uv": [0, 0, 3.5, 0], "texture": "#2", "tintindex": 1},
				"up": {"uv": [5.5, 0.5, 1, 1.5], "rotation": 270, "texture": "#2", "tintindex": 1},
				"down": {"uv": [4.5, 0.5, 1, 3], "rotation": 270, "texture": "#2", "tintindex": 1}
			}
		},
		{
			"from": [7, 4, 4],
			"to": [9, 9, 4],
			"rotation": {"angle": 0, "axis": "y", "origin": [6, 6, 8]},
			"faces": {
				"north": {"uv": [3, 0.5, 4, 3], "texture": "#2", "tintindex": 1},
				"east": {"uv": [1, 0.5, 4.5, 3], "texture": "#2", "tintindex": 1},
				"south": {"uv": [3, 0.5, 4, 3], "texture": "#2", "tintindex": 1},
				"west": {"uv": [4.5, 0.5, 1, 3], "texture": "#2", "tintindex": 1},
				"up": {"uv": [0, 0, 3.5, 0], "rotation": 90, "texture": "#2", "tintindex": 1},
				"down": {"uv": [0, 0, 3.5, 0], "rotation": 270, "texture": "#2", "tintindex": 1}
			}
		},
		{
			"from": [8.5, 3, 5],
			"to": [8.5, 5, 11],
			"rotation": {"angle": 0, "axis": "y", "origin": [6, 6, 8]},
			"faces": {
				"north": {"uv": [0, 0, 0, 2.5], "texture": "#2", "tintindex": 1},
				"east": {"uv": [1, 4.5, 4, 3.5], "texture": "#2", "tintindex": 1},
				"south": {"uv": [0, 0, 0, 2.5], "texture": "#2", "tintindex": 1},
				"west": {"uv": [4, 4.5, 1, 3.5], "texture": "#2", "tintindex": 1},
				"up": {"uv": [0, 0, 3.5, 0], "rotation": 90, "texture": "#2", "tintindex": 1},
				"down": {"uv": [0, 0, 3.5, 0], "rotation": 270, "texture": "#2", "tintindex": 1}
			}
		},
		{
			"from": [7.5, 3, 5],
			"to": [7.5, 5, 11],
			"rotation": {"angle": 0, "axis": "y", "origin": [6, 6, 8]},
			"faces": {
				"north": {"uv": [0, 0, 0, 2.5], "texture": "#2", "tintindex": 1},
				"east": {"uv": [1, 4.5, 4, 3.5], "texture": "#2", "tintindex": 1},
				"south": {"uv": [0, 0, 0, 2.5], "texture": "#2", "tintindex": 1},
				"west": {"uv": [4, 4.5, 1, 3.5], "texture": "#2", "tintindex": 1},
				"up": {"uv": [0, 0, 3.5, 0], "rotation": 90, "texture": "#2", "tintindex": 1},
				"down": {"uv": [0, 0, 3.5, 0], "rotation": 270, "texture": "#2", "tintindex": 1}
			}
		},
		{
			"from": [7.5, 3, 5],
			"to": [8.5, 3, 11],
			"rotation": {"angle": 0, "axis": "y", "origin": [6, 6, 8]},
			"faces": {
				"north": {"uv": [0, 0, 0, 2.5], "rotation": 270, "texture": "#2", "tintindex": 1},
				"east": {"uv": [0, 0, 3.5, 0], "rotation": 180, "texture": "#2", "tintindex": 1},
				"south": {"uv": [0, 0, 0, 2.5], "rotation": 90, "texture": "#2", "tintindex": 1},
				"west": {"uv": [0, 0, 3.5, 0], "texture": "#2", "tintindex": 1},
				"up": {"uv": [4, 4, 1, 3.5], "rotation": 90, "texture": "#2", "tintindex": 1},
				"down": {"uv": [1, 4, 4, 3.5], "rotation": 90, "texture": "#2", "tintindex": 1}
			}
		},
		{
			"from": [7.5, 3, 10.9],
			"to": [8.5, 5, 10.9],
			"rotation": {"angle": 0, "axis": "y", "origin": [6, 6, 8]},
			"faces": {
				"north": {"uv": [1, 4.5, 1.5, 3.5], "texture": "#2", "tintindex": 1},
				"east": {"uv": [1, 4.5, 4, 3.5], "texture": "#2", "tintindex": 1},
				"south": {"uv": [1, 4.5, 1.5, 3.5], "texture": "#2", "tintindex": 1},
				"west": {"uv": [4, 4.5, 1, 3.5], "texture": "#2", "tintindex": 1},
				"up": {"uv": [0, 0, 3.5, 0], "rotation": 90, "texture": "#2", "tintindex": 1},
				"down": {"uv": [0, 0, 3.5, 0], "rotation": 270, "texture": "#2", "tintindex": 1}
			}
		},
		{
			"from": [7.5, 3, 5],
			"to": [8.5, 5, 5],
			"rotation": {"angle": 0, "axis": "y", "origin": [6, 6, 8]},
			"faces": {
				"north": {"uv": [1, 4.5, 1.5, 3.5], "texture": "#2", "tintindex": 1},
				"east": {"uv": [1, 4.5, 4, 3.5], "texture": "#2", "tintindex": 1},
				"south": {"uv": [1, 4.5, 1.5, 3.5], "texture": "#2", "tintindex": 1},
				"west": {"uv": [4, 4.5, 1, 3.5], "texture": "#2", "tintindex": 1},
				"up": {"uv": [0, 0, 3.5, 0], "rotation": 90, "texture": "#2", "tintindex": 1},
				"down": {"uv": [0, 0, 3.5, 0], "rotation": 270, "texture": "#2", "tintindex": 1}
			}
		}
	],
	"gui_light": "front",
	"display": {
		"thirdperson_righthand": {
			"rotation": [90, -90, 0],
			"translation": [0, 2.5, 3]
		},
		"thirdperson_lefthand": {
			"scale": [0.44, 0.44, 0.44]
		},
		"firstperson_righthand": {
			"rotation": [0.25, 69.5, -5],
			"translation": [-1.5, 6.75, 2.25]
		},
		"gui": {
			"rotation": [0, -100, 0],
			"translation": [0.25, 3, 0],
			"scale": [1.5, 1.5, 1.5]
		}
	},
	"groups": [
		{
			"name": "group",
			"origin": [0, 0, 0],
			"color": 0,
			"nbt": "{}",
			"children": [0, 1, 2, 3, 4, 5, 6, 7, 8, 9]
		}
	]
}