{
	"credit": " Made by koncept ",
	"parent": "minecraft:block/cube_all",
	"texture_size": [64, 64],
	"textures": {
		"4": "block/custom/wolf"
	},
	"elements": [
		{
			"name": "tail",
			"from": [6, -12, 18],
			"to": [8, -4, 20],
			"rotation": {"angle": -45, "axis": "x", "origin": [0, 0, 0]},
			"faces": {
				"north": {"uv": [2.75, 5, 3.25, 7], "texture": "#4", "tintindex": 1},
				"east": {"uv": [2.25, 5, 2.75, 7], "texture": "#4", "tintindex": 1},
				"south": {"uv": [3.75, 5, 4.25, 7], "texture": "#4", "tintindex": 1},
				"west": {"uv": [3.25, 5, 3.75, 7], "texture": "#4", "tintindex": 1},
				"up": {"uv": [3.75, 5, 3.25, 4.5], "texture": "#4", "tintindex": 1},
				"down": {"uv": [3.75, 4.5, 3.25, 5], "texture": "#4", "tintindex": 1}
			}
		},
		{
			"name": "head",
			"from": [4, 13.5, 1],
			"to": [6, 15.5, 2],
			"faces": {
				"north": {"uv": [4.75, 3.75, 4.25, 4.25], "texture": "#4", "tintindex": 1},
				"east": {"uv": [5, 3.75, 4.75, 4.25], "texture": "#4", "tintindex": 1},
				"south": {"uv": [5.5, 3.75, 5, 4.25], "texture": "#4", "tintindex": 1},
				"west": {"uv": [4.25, 3.75, 4, 4.25], "texture": "#4", "tintindex": 1},
				"up": {"uv": [4.25, 3.75, 4.75, 3.5], "texture": "#4", "tintindex": 1},
				"down": {"uv": [4.75, 3.5, 5.25, 3.75], "texture": "#4", "tintindex": 1}
			}
		},
		{
			"name": "head",
			"from": [4, 7.5, -1],
			"to": [10, 13.5, 3],
			"faces": {
				"north": {"uv": [2.5, 1, 1, 2.5], "texture": "#4", "tintindex": 1},
				"east": {"uv": [3.5, 1, 2.5, 2.5], "texture": "#4", "tintindex": 1},
				"south": {"uv": [5, 1, 3.5, 2.5], "texture": "#4", "tintindex": 1},
				"west": {"uv": [1, 1, 0, 2.5], "texture": "#4", "tintindex": 1},
				"up": {"uv": [1, 1, 2.5, 0], "texture": "#4", "tintindex": 1},
				"down": {"uv": [2.5, 0, 4, 1], "texture": "#4", "tintindex": 1}
			}
		},
		{
			"name": "head",
			"from": [8, 13.5, 1],
			"to": [10, 15.5, 2],
			"faces": {
				"north": {"uv": [4.75, 3.75, 4.25, 4.25], "texture": "#4", "tintindex": 1},
				"east": {"uv": [5, 3.75, 4.75, 4.25], "texture": "#4", "tintindex": 1},
				"south": {"uv": [5.5, 3.75, 5, 4.25], "texture": "#4", "tintindex": 1},
				"west": {"uv": [4.25, 3.75, 4, 4.25], "texture": "#4", "tintindex": 1},
				"up": {"uv": [4.25, 3.75, 4.75, 3.5], "texture": "#4", "tintindex": 1},
				"down": {"uv": [4.75, 3.5, 5.25, 3.75], "texture": "#4", "tintindex": 1}
			}
		},
		{
			"name": "head",
			"from": [5.5, 7.52, -5],
			"to": [8.5, 10.52, -1],
			"faces": {
				"north": {"uv": [1, 3.5, 1.75, 4.25], "texture": "#4", "tintindex": 1},
				"east": {"uv": [0, 3.5, 1, 4.25], "texture": "#4", "tintindex": 1},
				"south": {"uv": [3.5, 3.5, 4.25, 4.25], "texture": "#4", "tintindex": 1},
				"west": {"uv": [2, 3.5, 3, 4.25], "texture": "#4", "tintindex": 1},
				"up": {"uv": [1, 2.5, 1.75, 3.5], "rotation": 180, "texture": "#4", "tintindex": 1},
				"down": {"uv": [1.75, 2.5, 2.5, 3.5], "texture": "#4", "tintindex": 1}
			}
		},
		{
			"name": "body_rotation",
			"from": [4, 7, 8],
			"to": [10, 13, 17],
			"faces": {
				"north": {"uv": [9, 3.5, 7.5, 5], "texture": "#4", "tintindex": 1},
				"east": {"uv": [7.5, 5, 9, 7.25], "rotation": 270, "texture": "#4", "tintindex": 1},
				"south": {"uv": [9, 5, 7.5, 3.5], "rotation": 180, "texture": "#4", "tintindex": 1},
				"west": {"uv": [4.5, 5, 6, 7.25], "rotation": 90, "texture": "#4", "tintindex": 1},
				"up": {"uv": [9, 5, 10.5, 7.25], "rotation": 180, "texture": "#4", "tintindex": 1},
				"down": {"uv": [6, 5, 7.5, 7.25], "texture": "#4", "tintindex": 1}
			}
		},
		{
			"name": "mane_rotation",
			"from": [3, 7, 3],
			"to": [11, 14, 9],
			"faces": {
				"north": {"uv": [9, 1.75, 7, 0], "rotation": 180, "texture": "#4", "tintindex": 1},
				"east": {"uv": [5.25, 1.75, 7, 3.25], "rotation": 90, "texture": "#4", "tintindex": 1},
				"south": {"uv": [11, 0, 9, 1.75], "texture": "#4", "tintindex": 1},
				"west": {"uv": [9, 1.75, 10.75, 3.25], "rotation": 270, "texture": "#4", "tintindex": 1},
				"up": {"uv": [10.75, 1.75, 12.75, 3.25], "texture": "#4", "tintindex": 1},
				"down": {"uv": [7, 1.75, 9, 3.25], "rotation": 180, "texture": "#4", "tintindex": 1}
			}
		}
	],
	"display": {
		"thirdperson_righthand": {
			"scale": [0.32, 0.32, 0.32]
		},
		"head": {
			"translation": [0, -31.25, -2.5],
			"scale": [1.7, 1.7, 1.7]
		},
		"fixed": {
			"rotation": [-90, 0, 0],
			"translation": [0, 0, -47],
			"scale": [2.53, 2.53, 2.53]
		}
	},
	"groups": [
		{
			"name": "group",
			"origin": [0, 0, 0],
			"color": 0,
			"nbt": "{}",
			"children": [0, 1, 2, 3, 4, 5, 6]
		}
	]
}