{
	"credit": " Made by koncept ",
	"parent": "minecraft:block/cube_all",
	"texture_size": [64, 64],
	"textures": {
		"4": "block/custom/wolf",
		"particle": "block/custom/armadillo"
	},
	"elements": [
		{
			"name": "tail",
			"from": [6, -5, 14],
			"to": [8, -3, 22],
			"rotation": {"angle": -22.5, "axis": "x", "origin": [0, 0, 0]},
			"faces": {
				"north": {"uv": [3.75, 5, 3.25, 4.5], "rotation": 180, "texture": "#4", "tintindex": 1},
				"east": {"uv": [2.25, 5, 2.75, 7], "rotation": 90, "texture": "#4", "tintindex": 1},
				"south": {"uv": [3.75, 4.5, 3.25, 5], "texture": "#4", "tintindex": 1},
				"west": {"uv": [3.25, 5, 3.75, 7], "rotation": 270, "texture": "#4", "tintindex": 1},
				"up": {"uv": [3.75, 5, 4.25, 7], "texture": "#4", "tintindex": 1},
				"down": {"uv": [2.75, 5, 3.25, 7], "rotation": 180, "texture": "#4", "tintindex": 1}
			}
		},
		{
			"name": "head",
			"from": [5.5, 6.52, -1],
			"to": [8.5, 9.52, 3],
			"faces": {
				"north": {"uv": [1, 3.5, 1.75, 4.25], "texture": "#4", "tintindex": 1},
				"east": {"uv": [0, 3.5, 1, 4.25], "texture": "#4", "tintindex": 1},
				"south": {"uv": [3.5, 3.5, 4.25, 4.25], "texture": "#4", "tintindex": 1},
				"west": {"uv": [2, 3.5, 3, 4.25], "texture": "#4", "tintindex": 1},
				"up": {"uv": [1, 2.5, 1.75, 3.5], "rotation": 180, "texture": "#4", "tintindex": 1},
				"down": {"uv": [1.75, 2.5, 2.5, 3.5], "texture": "#4", "tintindex": 1}
			}
		},
		{
			"name": "head",
			"from": [4, 6.5, 3],
			"to": [10, 12.5, 7],
			"faces": {
				"north": {"uv": [2.5, 1, 1, 2.5], "texture": "#4", "tintindex": 1},
				"east": {"uv": [3.5, 1, 2.5, 2.5], "texture": "#4", "tintindex": 1},
				"south": {"uv": [5, 1, 3.5, 2.5], "texture": "#4", "tintindex": 1},
				"west": {"uv": [1, 1, 0, 2.5], "texture": "#4", "tintindex": 1},
				"up": {"uv": [1, 1, 2.5, 0], "texture": "#4", "tintindex": 1},
				"down": {"uv": [2.5, 0, 4, 1], "texture": "#4", "tintindex": 1}
			}
		},
		{
			"name": "head",
			"from": [4, 12.5, 5],
			"to": [6, 14.5, 6],
			"faces": {
				"north": {"uv": [4.75, 3.75, 4.25, 4.25], "texture": "#4", "tintindex": 1},
				"east": {"uv": [5, 3.75, 4.75, 4.25], "texture": "#4", "tintindex": 1},
				"south": {"uv": [5.5, 3.75, 5, 4.25], "texture": "#4", "tintindex": 1},
				"west": {"uv": [4.25, 3.75, 4, 4.25], "texture": "#4", "tintindex": 1},
				"up": {"uv": [4.25, 3.75, 4.75, 3.5], "texture": "#4", "tintindex": 1},
				"down": {"uv": [4.75, 3.5, 5.25, 3.75], "texture": "#4", "tintindex": 1}
			}
		},
		{
			"name": "head",
			"from": [8, 12.5, 5],
			"to": [10, 14.5, 6],
			"faces": {
				"north": {"uv": [4.75, 3.75, 4.25, 4.25], "texture": "#4", "tintindex": 1},
				"east": {"uv": [5, 3.75, 4.75, 4.25], "texture": "#4", "tintindex": 1},
				"south": {"uv": [5.5, 3.75, 5, 4.25], "texture": "#4", "tintindex": 1},
				"west": {"uv": [4.25, 3.75, 4, 4.25], "texture": "#4", "tintindex": 1},
				"up": {"uv": [4.25, 3.75, 4.75, 3.5], "texture": "#4", "tintindex": 1},
				"down": {"uv": [4.75, 3.5, 5.25, 3.75], "texture": "#4", "tintindex": 1}
			}
		},
		{
			"name": "body_rotation",
			"from": [4, 9, 1],
			"to": [10, 15, 10],
			"rotation": {"angle": 45, "axis": "x", "origin": [0, 0, 0]},
			"faces": {
				"north": {"uv": [9, 3.5, 7.5, 5], "texture": "#4", "tintindex": 1},
				"east": {"uv": [7.5, 5, 9, 7.25], "rotation": 270, "texture": "#4", "tintindex": 1},
				"south": {"uv": [9, 5, 7.5, 3.5], "rotation": 180, "texture": "#4", "tintindex": 1},
				"west": {"uv": [4.5, 5, 6, 7.25], "rotation": 90, "texture": "#4", "tintindex": 1},
				"up": {"uv": [9, 5, 10.5, 7.25], "rotation": 180, "texture": "#4", "tintindex": 1},
				"down": {"uv": [6, 5, 7.5, 7.25], "texture": "#4", "tintindex": 1}
			}
		},
		{
			"name": "mane_rotation",
			"from": [3, 7, 2],
			"to": [11, 14, 8],
			"rotation": {"angle": 22.5, "axis": "x", "origin": [0, 0, 0]},
			"faces": {
				"north": {"uv": [9, 1.75, 7, 0], "rotation": 180, "texture": "#4", "tintindex": 1},
				"east": {"uv": [5.25, 1.75, 7, 3.25], "rotation": 90, "texture": "#4", "tintindex": 1},
				"south": {"uv": [11, 0, 9, 1.75], "texture": "#4", "tintindex": 1},
				"west": {"uv": [9, 1.75, 10.75, 3.25], "rotation": 270, "texture": "#4", "tintindex": 1},
				"up": {"uv": [10.75, 1.75, 12.75, 3.25], "texture": "#4", "tintindex": 1},
				"down": {"uv": [7, 1.75, 9, 3.25], "rotation": 180, "texture": "#4", "tintindex": 1}
			}
		},
		{
			"name": "leg3",
			"from": [3.5, 1, 2.1],
			"to": [5.5, 9, 4.1],
			"rotation": {"angle": 22.5, "axis": "x", "origin": [0, 0, 0]},
			"faces": {
				"north": {"uv": [0.5, 5, 1, 7], "texture": "#4", "tintindex": 1},
				"east": {"uv": [0, 5, 0.5, 7], "texture": "#4", "tintindex": 1},
				"south": {"uv": [1.5, 5, 2, 7], "texture": "#4", "tintindex": 1},
				"west": {"uv": [1, 5, 1.5, 7], "texture": "#4", "tintindex": 1},
				"up": {"uv": [1, 5, 0.5, 4.5], "texture": "#4", "tintindex": 1},
				"down": {"uv": [1.5, 4.5, 1, 5], "texture": "#4", "tintindex": 1}
			}
		},
		{
			"name": "leg3",
			"from": [7.5, 1, 2.1],
			"to": [9.5, 9, 4.1],
			"rotation": {"angle": 22.5, "axis": "x", "origin": [0, 0, 0]},
			"faces": {
				"north": {"uv": [0.5, 5, 1, 7], "texture": "#4", "tintindex": 1},
				"east": {"uv": [0, 5, 0.5, 7], "texture": "#4", "tintindex": 1},
				"south": {"uv": [1.5, 5, 2, 7], "texture": "#4", "tintindex": 1},
				"west": {"uv": [1, 5, 1.5, 7], "texture": "#4", "tintindex": 1},
				"up": {"uv": [1, 5, 0.5, 4.5], "texture": "#4", "tintindex": 1},
				"down": {"uv": [1.5, 4.5, 1, 5], "texture": "#4", "tintindex": 1}
			}
		},
		{
			"name": "leg3",
			"from": [4.5, 0, 5],
			"to": [6.5, 2, 13],
			"faces": {
				"north": {"uv": [1.5, 4.5, 1, 5], "rotation": 180, "texture": "#4", "tintindex": 1},
				"east": {"uv": [0, 5, 0.5, 7], "rotation": 270, "texture": "#4", "tintindex": 1},
				"south": {"uv": [1, 5, 0.5, 4.5], "texture": "#4", "tintindex": 1},
				"west": {"uv": [1, 5, 1.5, 7], "rotation": 90, "texture": "#4", "tintindex": 1},
				"up": {"uv": [0.5, 5, 1, 7], "rotation": 180, "texture": "#4", "tintindex": 1},
				"down": {"uv": [1.5, 5, 2, 7], "texture": "#4", "tintindex": 1}
			}
		},
		{
			"name": "leg3",
			"from": [7.5, 0, 5],
			"to": [9.5, 2, 13],
			"faces": {
				"north": {"uv": [1.5, 4.5, 1, 5], "rotation": 180, "texture": "#4", "tintindex": 1},
				"east": {"uv": [0, 5, 0.5, 7], "rotation": 270, "texture": "#4", "tintindex": 1},
				"south": {"uv": [1, 5, 0.5, 4.5], "texture": "#4", "tintindex": 1},
				"west": {"uv": [1, 5, 1.5, 7], "rotation": 90, "texture": "#4", "tintindex": 1},
				"up": {"uv": [0.5, 5, 1, 7], "rotation": 180, "texture": "#4", "tintindex": 1},
				"down": {"uv": [1.5, 5, 2, 7], "texture": "#4", "tintindex": 1}
			}
		}
	],
	"display": {
		"thirdperson_righthand": {
			"scale": [0.32, 0.32, 0.32]
		},
		"head": {
			"translation": [0, -28.75, -2.5],
			"scale": [1.7, 1.7, 1.7]
		},
		"fixed": {
			"rotation": [-90, 0, 0],
			"translation": [0, 0, -47],
			"scale": [2.53, 2.53, 2.53]
		}
	},
	"groups": [
		{
			"name": "group",
			"origin": [0, 0, 0],
			"color": 0,
			"nbt": "{}",
			"children": [
				0,
				{
					"name": "group",
					"origin": [0, 0, 0],
					"color": 0,
					"nbt": "{}",
					"children": [1, 2, 3, 4]
				},
				5,
				6
			]
		},
		7,
		8,
		9,
		10
	]
}