{
	"credit": " Made by koncept ",
	"parent": "minecraft:block/cube_all",
	"textures": {
		"0": "block/custom/armadillo",
		"particle": "block/custom/armadillo"
	},
	"elements": [
		{
			"from": [5.5, -6, 17],
			"to": [9.5, 2, 20],
			"rotation": {"angle": -22.5, "axis": "x", "origin": [0, -3, -1]},
			"faces": {
				"north": {"uv": [3, 7, 3.75, 9], "texture": "#0", "tintindex": 1},
				"east": {"uv": [4.75, 7, 5.5, 9], "texture": "#0", "tintindex": 1},
				"south": {"uv": [3.75, 7, 4.75, 9], "texture": "#0", "tintindex": 1},
				"west": {"uv": [5.5, 7, 4.75, 9], "texture": "#0", "tintindex": 1},
				"up": {"uv": [3.75, 6.5, 4.75, 7], "texture": "#0", "tintindex": 1},
				"down": {"uv": [3.75, 9, 4.75, 9.5], "texture": "#0", "tintindex": 1}
			}
		},
		{
			"from": [2, 3, 15],
			"to": [13, 14, 15],
			"faces": {
				"north": {"uv": [9.25, 3, 12, 5.75], "texture": "#0", "tintindex": 1},
				"east": {"uv": [0, 0, 0, 11], "texture": "#missing", "tintindex": 1},
				"south": {"uv": [9.25, 3, 12, 5.75], "texture": "#0", "tintindex": 1},
				"west": {"uv": [0, 0, 0, 11], "texture": "#missing", "tintindex": 1},
				"up": {"uv": [0, 0, 11, 0], "texture": "#missing", "tintindex": 1},
				"down": {"uv": [0, 0, 11, 0], "texture": "#missing", "tintindex": 1}
			}
		},
		{
			"from": [13, 3, 1],
			"to": [13, 14, 15],
			"faces": {
				"north": {"uv": [0, 0, 0, 11], "texture": "#missing", "tintindex": 1},
				"east": {"uv": [9.25, 0.25, 12.75, 3], "texture": "#0", "tintindex": 1},
				"south": {"uv": [0, 0, 0, 11], "texture": "#missing", "tintindex": 1},
				"west": {"uv": [9.25, 0.25, 12.75, 3], "texture": "#0", "tintindex": 1},
				"up": {"uv": [0, 0, 0, 14], "texture": "#missing", "tintindex": 1},
				"down": {"uv": [0, 0, 0, 14], "texture": "#missing", "tintindex": 1}
			}
		},
		{
			"from": [2, 3, 1],
			"to": [2, 14, 15],
			"faces": {
				"north": {"uv": [0, 0, 0, 11], "texture": "#missing", "tintindex": 1},
				"east": {"uv": [9.25, 0.25, 12.75, 3], "texture": "#0", "tintindex": 1},
				"south": {"uv": [0, 0, 0, 11], "texture": "#missing", "tintindex": 1},
				"west": {"uv": [12.75, 0.25, 9.25, 3], "texture": "#0", "tintindex": 1},
				"up": {"uv": [0, 0, 0, 14], "texture": "#missing", "tintindex": 1},
				"down": {"uv": [0, 0, 0, 14], "texture": "#missing", "tintindex": 1}
			}
		},
		{
			"from": [2, 3, 1],
			"to": [13, 14, 1],
			"faces": {
				"north": {"uv": [12, 3, 14.75, 5.75], "texture": "#0", "tintindex": 1},
				"east": {"uv": [0, 0, 0, 11], "texture": "#missing", "tintindex": 1},
				"south": {"uv": [12, 3, 14.75, 5.75], "texture": "#0", "tintindex": 1},
				"west": {"uv": [0, 0, 0, 11], "texture": "#missing", "tintindex": 1},
				"up": {"uv": [0, 0, 11, 0], "texture": "#missing", "tintindex": 1},
				"down": {"uv": [0, 0, 11, 0], "texture": "#missing", "tintindex": 1}
			}
		},
		{
			"from": [2, 14, 1],
			"to": [13, 14, 15],
			"faces": {
				"north": {"uv": [0, 0, 11, 0], "texture": "#missing", "tintindex": 1},
				"east": {"uv": [0, 0, 14, 0], "texture": "#missing", "tintindex": 1},
				"south": {"uv": [0, 0, 11, 0], "texture": "#missing", "tintindex": 1},
				"west": {"uv": [0, 0, 14, 0], "texture": "#missing", "tintindex": 1},
				"up": {"uv": [12.75, 5.75, 9.25, 8.5], "rotation": 90, "texture": "#0", "tintindex": 1},
				"down": {"uv": [12.75, 5.75, 9.25, 8.5], "rotation": 270, "texture": "#0", "tintindex": 1}
			}
		},
		{
			"from": [6, 3, 0],
			"to": [9, 6, 8],
			"rotation": {"angle": -45, "axis": "x", "origin": [0, 0, 0]},
			"faces": {
				"north": {"uv": [13.5, 6.75, 14.25, 7.5], "texture": "#0", "tintindex": 1},
				"east": {"uv": [15.5, 6, 13.5, 6.75], "texture": "#0", "tintindex": 1},
				"south": {"uv": [13.5, 6, 14.25, 6.75], "texture": "#0", "tintindex": 1},
				"west": {"uv": [13.5, 6, 15.5, 6.75], "texture": "#0", "tintindex": 1},
				"up": {"uv": [13.5, 6, 15.5, 6.75], "rotation": 90, "texture": "#0", "tintindex": 1},
				"down": {"uv": [15.5, 6.75, 13.5, 6], "rotation": 90, "texture": "#0", "tintindex": 1}
			}
		},
		{
			"from": [7, 5, 16],
			"to": [9, 10, 17],
			"rotation": {"angle": 22.5, "axis": "z", "origin": [0, 0, 0]},
			"faces": {
				"north": {"uv": [5.75, 6.25, 6.25, 7.5], "texture": "#0", "tintindex": 1},
				"east": {"uv": [6, 6.25, 6.25, 7.5], "texture": "#0", "tintindex": 1},
				"south": {"uv": [5.75, 6.25, 6.25, 7.5], "texture": "#0", "tintindex": 1},
				"west": {"uv": [5.75, 6.25, 6, 7.5], "texture": "#0", "tintindex": 1},
				"up": {"uv": [5.75, 6, 6.25, 6.25], "texture": "#0", "tintindex": 1},
				"down": {"uv": [5.75, 6, 6.25, 6.25], "texture": "#0", "tintindex": 1}
			}
		},
		{
			"from": [5, 11, 16],
			"to": [7, 16, 17],
			"rotation": {"angle": -22.5, "axis": "z", "origin": [0, 0, 0]},
			"faces": {
				"north": {"uv": [5.75, 6.25, 6.25, 7.5], "texture": "#0", "tintindex": 1},
				"east": {"uv": [6, 6.25, 6.25, 7.5], "texture": "#0", "tintindex": 1},
				"south": {"uv": [5.75, 6.25, 6.25, 7.5], "texture": "#0", "tintindex": 1},
				"west": {"uv": [5.75, 6.25, 6, 7.5], "texture": "#0", "tintindex": 1},
				"up": {"uv": [5.75, 6, 6.25, 6.25], "texture": "#0", "tintindex": 1},
				"down": {"uv": [5.75, 6, 6.25, 6.25], "texture": "#0", "tintindex": 1}
			}
		},
		{
			"from": [2, 3, 1],
			"to": [13, 3, 15],
			"faces": {
				"north": {"uv": [0, 0, 11, 0], "texture": "#missing", "tintindex": 1},
				"east": {"uv": [0, 0, 14, 0], "texture": "#missing", "tintindex": 1},
				"south": {"uv": [0, 0, 11, 0], "texture": "#missing", "tintindex": 1},
				"west": {"uv": [0, 0, 14, 0], "texture": "#missing", "tintindex": 1},
				"up": {"uv": [12.75, 5.75, 9.25, 8.5], "rotation": 90, "texture": "#0", "tintindex": 1},
				"down": {"uv": [12.75, 8.75, 9.25, 11.5], "rotation": 270, "texture": "#0", "tintindex": 1}
			}
		}
	],
	"display": {
		"thirdperson_righthand": {
			"scale": [0.32, 0.32, 0.32]
		},
		"head": {
			"rotation": [0, 180, 0],
			"translation": [0, -27, -0.75],
			"scale": [2.05, 2.05, 2.05]
		},
		"fixed": {
			"rotation": [-90, 0, 0],
			"translation": [0, 0, -47],
			"scale": [2.53, 2.53, 2.53]
		}
	},
	"groups": [
		{
			"name": "group",
			"origin": [0, 0, 0],
			"color": 0,
			"nbt": "{}",
			"children": [0, 1, 2, 3, 4, 5, 6]
		},
		7,
		8,
		9
	]
}