{
	"credit": " Made by koncept ",
	"parent": "minecraft:block/cube_all",
	"textures": {
		"0": "block/custom/armadillo",
		"particle": "block/custom/armadillo"
	},
	"elements": [
		{
			"from": [2, 0, 15],
			"to": [13, 11, 15],
			"rotation": {"angle": 0, "axis": "y", "origin": [0, -3, 0]},
			"faces": {
				"north": {"uv": [9.25, 3, 12, 5.75], "texture": "#0", "tintindex": 1},
				"east": {"uv": [0, 0, 0, 11], "texture": "#missing", "tintindex": 1},
				"south": {"uv": [9.25, 3, 12, 5.75], "texture": "#0", "tintindex": 1},
				"west": {"uv": [0, 0, 0, 11], "texture": "#missing", "tintindex": 1},
				"up": {"uv": [0, 0, 11, 0], "texture": "#missing", "tintindex": 1},
				"down": {"uv": [0, 0, 11, 0], "texture": "#missing", "tintindex": 1}
			}
		},
		{
			"from": [13, 0, 1],
			"to": [13, 11, 15],
			"rotation": {"angle": 0, "axis": "y", "origin": [0, -3, 0]},
			"faces": {
				"north": {"uv": [0, 0, 0, 11], "texture": "#missing", "tintindex": 1},
				"east": {"uv": [9.25, 0.25, 12.75, 3], "texture": "#0", "tintindex": 1},
				"south": {"uv": [0, 0, 0, 11], "texture": "#missing", "tintindex": 1},
				"west": {"uv": [9.25, 0.25, 12.75, 3], "texture": "#0", "tintindex": 1},
				"up": {"uv": [0, 0, 0, 14], "texture": "#missing", "tintindex": 1},
				"down": {"uv": [0, 0, 0, 14], "texture": "#missing", "tintindex": 1}
			}
		},
		{
			"from": [2, 0, 1],
			"to": [2, 11, 15],
			"rotation": {"angle": 0, "axis": "y", "origin": [0, -3, 0]},
			"faces": {
				"north": {"uv": [0, 0, 0, 11], "texture": "#missing", "tintindex": 1},
				"east": {"uv": [9.25, 0.25, 12.75, 3], "texture": "#0", "tintindex": 1},
				"south": {"uv": [0, 0, 0, 11], "texture": "#missing", "tintindex": 1},
				"west": {"uv": [12.75, 0.25, 9.25, 3], "texture": "#0", "tintindex": 1},
				"up": {"uv": [0, 0, 0, 14], "texture": "#missing", "tintindex": 1},
				"down": {"uv": [0, 0, 0, 14], "texture": "#missing", "tintindex": 1}
			}
		},
		{
			"from": [2, 0, 1],
			"to": [13, 11, 1],
			"rotation": {"angle": 0, "axis": "y", "origin": [0, -3, 0]},
			"faces": {
				"north": {"uv": [12, 3, 14.75, 5.75], "texture": "#0", "tintindex": 1},
				"east": {"uv": [0, 0, 0, 11], "texture": "#missing", "tintindex": 1},
				"south": {"uv": [12, 3, 14.75, 5.75], "texture": "#0", "tintindex": 1},
				"west": {"uv": [0, 0, 0, 11], "texture": "#missing", "tintindex": 1},
				"up": {"uv": [0, 0, 11, 0], "texture": "#missing", "tintindex": 1},
				"down": {"uv": [0, 0, 11, 0], "texture": "#missing", "tintindex": 1}
			}
		},
		{
			"from": [2, 11, 1],
			"to": [13, 11, 15],
			"rotation": {"angle": 0, "axis": "y", "origin": [0, -3, 0]},
			"faces": {
				"north": {"uv": [0, 0, 11, 0], "texture": "#missing", "tintindex": 1},
				"east": {"uv": [0, 0, 14, 0], "texture": "#missing", "tintindex": 1},
				"south": {"uv": [0, 0, 11, 0], "texture": "#missing", "tintindex": 1},
				"west": {"uv": [0, 0, 14, 0], "texture": "#missing", "tintindex": 1},
				"up": {"uv": [12.75, 5.75, 9.25, 8.5], "rotation": 90, "texture": "#0", "tintindex": 1},
				"down": {"uv": [12.75, 5.75, 9.25, 8.5], "rotation": 270, "texture": "#0", "tintindex": 1}
			}
		},
		{
			"from": [2, 0, 1],
			"to": [13, 0, 15],
			"faces": {
				"north": {"uv": [0, 0, 11, 0], "texture": "#0", "tintindex": 1},
				"east": {"uv": [0, 0, 14, 0], "texture": "#0", "tintindex": 1},
				"south": {"uv": [0, 0, 11, 0], "texture": "#0", "tintindex": 1},
				"west": {"uv": [0, 0, 14, 0], "texture": "#0", "tintindex": 1},
				"up": {"uv": [13, 8.75, 9.5, 11.5], "rotation": 90, "texture": "#0", "tintindex": 1},
				"down": {"uv": [12.75, 8.75, 9.25, 11.5], "rotation": 270, "texture": "#0", "tintindex": 1}
			}
		}
	],
	"display": {
		"thirdperson_righthand": {
			"scale": [0.32, 0.32, 0.32]
		},
		"head": {
			"rotation": [0, 180, 0],
			"translation": [0, -27, -0.75],
			"scale": [2.05, 2.05, 2.05]
		},
		"fixed": {
			"rotation": [-90, 0, 0],
			"translation": [0, 0, -47],
			"scale": [2.53, 2.53, 2.53]
		}
	},
	"groups": [
		{
			"name": "group",
			"origin": [0, 0, 0],
			"color": 0,
			"nbt": "{}",
			"children": [0, 1, 2, 3, 4]
		},
		5
	]
}