{
	"credit": " Made by koncept ",
	"parent": "minecraft:block/cube_all",
	"texture_size": [64, 64],
	"textures": {
		"4": "block/custom/wolf",
		"particle": "block/custom/wolf"
	},
	"elements": [
		{
			"name": "leg3",
			"from": [6.5, 0, 3],
			"to": [8.5, 8, 5],
			"faces": {
				"north": {"uv": [0.5, 5, 1, 7], "texture": "#4", "tintindex": 1},
				"east": {"uv": [0, 5, 0.5, 7], "texture": "#4", "tintindex": 1},
				"south": {"uv": [1.5, 5, 2, 7], "texture": "#4", "tintindex": 1},
				"west": {"uv": [1, 5, 1.5, 7], "texture": "#4", "tintindex": 1},
				"up": {"uv": [1, 5, 0.5, 4.5], "texture": "#4", "tintindex": 1},
				"down": {"uv": [1.5, 4.5, 1, 5], "texture": "#4", "tintindex": 1}
			}
		},
		{
			"name": "leg2",
			"from": [2.5, 0, 13],
			"to": [4.5, 8, 15],
			"faces": {
				"north": {"uv": [0.5, 5, 1, 7], "texture": "#4", "tintindex": 1},
				"east": {"uv": [0, 5, 0.5, 7], "texture": "#4", "tintindex": 1},
				"south": {"uv": [1.5, 5, 2, 7], "texture": "#4", "tintindex": 1},
				"west": {"uv": [1, 5, 1.5, 7], "texture": "#4", "tintindex": 1},
				"up": {"uv": [1, 5, 0.5, 4.5], "texture": "#4", "tintindex": 1},
				"down": {"uv": [1.5, 4.5, 1, 5], "texture": "#4", "tintindex": 1}
			}
		}
	],
	"display": {
		"thirdperson_righthand": {
			"rotation": [90, 0, 0],
			"translation": [-4.75, -1.5, -4.75],
			"scale": [0.9, 0.9, 0.9]
		},
		"thirdperson_lefthand": {
			"rotation": [90, 0, 0],
			"translation": [-6.75, -2.25, -4]
		},
		"head": {
			"translation": [0, -27, -0.75],
			"scale": [2.05, 2.05, 2.05]
		},
		"fixed": {
			"rotation": [-90, 0, 0],
			"translation": [0, 0, -47],
			"scale": [2.53, 2.53, 2.53]
		}
	}
}