{
 "parent": "minecraft:item/generated",
 "textures": {
  "layer0": "minecraft:item/barrier"
 },
 "overrides": [
  { "predicate": {"custom_model_data": 11901}, "model": "block/white_terracotta_bricks"},
  { "predicate": {"custom_model_data": 11902}, "model": "block/light_gray_terracotta_bricks"},
  { "predicate": {"custom_model_data": 11903}, "model": "block/gray_terracotta_bricks"},
  { "predicate": {"custom_model_data": 11904}, "model": "block/black_terracotta_bricks"},
  { "predicate": {"custom_model_data": 11905}, "model": "block/brown_terracotta_bricks"},
  { "predicate": {"custom_model_data": 11906}, "model": "block/red_terracotta_bricks"},
  { "predicate": {"custom_model_data": 11907}, "model": "block/orange_terracotta_bricks"},
  { "predicate": {"custom_model_data": 11908}, "model": "block/yellow_terracotta_bricks"},
  { "predicate": {"custom_model_data": 11909}, "model": "block/lime_terracotta_bricks"},
  { "predicate": {"custom_model_data": 11910}, "model": "block/green_terracotta_bricks"},
  { "predicate": {"custom_model_data": 11911}, "model": "block/cyan_terracotta_bricks"},
  { "predicate": {"custom_model_data": 11912}, "model": "block/light_blue_terracotta_bricks"},
  { "predicate": {"custom_model_data": 11913}, "model": "block/blue_terracotta_bricks"},
  { "predicate": {"custom_model_data": 11914}, "model": "block/purple_terracotta_bricks"},
  { "predicate": {"custom_model_data": 11915}, "model": "block/magenta_terracotta_bricks"},
  { "predicate": {"custom_model_data": 11916}, "model": "block/pink_terracotta_bricks"},
  { "predicate": {"custom_model_data": 11917}, "model": "block/white_porcelain_bricks"},
  { "predicate": {"custom_model_data": 11918}, "model": "block/light_gray_porcelain_bricks"},
  { "predicate": {"custom_model_data": 11919}, "model": "block/gray_porcelain_bricks"},
  { "predicate": {"custom_model_data": 11920}, "model": "block/black_porcelain_bricks"},
  { "predicate": {"custom_model_data": 11921}, "model": "block/brown_porcelain_bricks"},
  { "predicate": {"custom_model_data": 11922}, "model": "block/red_porcelain_bricks"},
  { "predicate": {"custom_model_data": 11923}, "model": "block/orange_porcelain_bricks"},
  { "predicate": {"custom_model_data": 11924}, "model": "block/yellow_porcelain_bricks"},
  { "predicate": {"custom_model_data": 11925}, "model": "block/lime_porcelain_bricks"},
  { "predicate": {"custom_model_data": 11926}, "model": "block/green_porcelain_bricks"},
  { "predicate": {"custom_model_data": 11927}, "model": "block/cyan_porcelain_bricks"},
  { "predicate": {"custom_model_data": 11928}, "model": "block/light_blue_porcelain_bricks"},
  { "predicate": {"custom_model_data": 11929}, "model": "block/blue_porcelain_bricks"},
  { "predicate": {"custom_model_data": 11930}, "model": "block/purple_porcelain_bricks"},
  { "predicate": {"custom_model_data": 11931}, "model": "block/magenta_porcelain_bricks"},
  { "predicate": {"custom_model_data": 11932}, "model": "block/pink_porcelain_bricks"},
  { "predicate": {"custom_model_data": 11933}, "model": "block/white_chiseled_porcelain"},
  { "predicate": {"custom_model_data": 11934}, "model": "block/light_gray_chiseled_porcelain"},
  { "predicate": {"custom_model_data": 11935}, "model": "block/gray_chiseled_porcelain"},
  { "predicate": {"custom_model_data": 11936}, "model": "block/black_chiseled_porcelain"},
  { "predicate": {"custom_model_data": 11937}, "model": "block/brown_chiseled_porcelain"},
  { "predicate": {"custom_model_data": 11938}, "model": "block/red_chiseled_porcelain"},
  { "predicate": {"custom_model_data": 11939}, "model": "block/orange_chiseled_porcelain"},
  { "predicate": {"custom_model_data": 11940}, "model": "block/yellow_chiseled_porcelain"},
  { "predicate": {"custom_model_data": 11941}, "model": "block/lime_chiseled_porcelain"},
  { "predicate": {"custom_model_data": 11942}, "model": "block/green_chiseled_porcelain"},
  { "predicate": {"custom_model_data": 11943}, "model": "block/cyan_chiseled_porcelain"},
  { "predicate": {"custom_model_data": 11944}, "model": "block/light_blue_chiseled_porcelain"},
  { "predicate": {"custom_model_data": 11945}, "model": "block/blue_chiseled_porcelain"},
  { "predicate": {"custom_model_data": 11946}, "model": "block/purple_chiseled_porcelain"},
  { "predicate": {"custom_model_data": 11947}, "model": "block/magenta_chiseled_porcelain"},
  { "predicate": {"custom_model_data": 11948}, "model": "block/pink_chiseled_porcelain"},
  { "predicate": {"custom_model_data": 12050}, "model": "block/masonry_bench"}

 ]

 
}