{
    "parent": "item/generated",
    "textures": {
        "layer0": "item/firework_star",
        "layer1": "item/firework_star_overlay"
    },
    "overrides": [
        	{ "predicate": { "custom_model_data": 1000050 }, "model": "item/models/crab/crab_body"},
        	{ "predicate": { "custom_model_data": 1000051 }, "model": "item/models/crab/crab_legs_right"},
        	{ "predicate": { "custom_model_data": 1000052 }, "model": "item/models/crab/crab_legs_left"},
        	{ "predicate": { "custom_model_data": 1000053 }, "model": "item/models/armadillo/armadillo_body"},
        	{ "predicate": { "custom_model_data": 1000054 }, "model": "item/models/armadillo/armadillo_legs_right"},
        	{ "predicate": { "custom_model_data": 1000055 }, "model": "item/models/armadillo/armadillo_legs_left"},
        	{ "predicate": { "custom_model_data": 1000056 }, "model": "item/models/armadillo/armadillo.dog"},
        	{ "predicate": { "custom_model_data": 1000057 }, "model": "item/models/armadillo/armadillo_body1"},
		{ "predicate": { "custom_model_data": 1000058 }, "model": "item/models/penguin/penguin_body"},
        	{ "predicate": { "custom_model_data": 1000059 }, "model": "item/models/penguin/penguin_legs_right"},
        	{ "predicate": { "custom_model_data": 1000060 }, "model": "item/models/penguin/penguin_legs_left"},
        	{ "predicate": { "custom_model_data": 1000061 }, "model": "item/models/penguin/penguin_body1"},
        	{ "predicate": { "custom_model_data": 1000062 }, "model": "item/models/penguin/penguin_legs_right1"},
        	{ "predicate": { "custom_model_data": 1000063 }, "model": "item/models/penguin/penguin_legs_left1"},
        	{ "predicate": { "custom_model_data": 1000064 }, "model": "item/models/penguin/penguin_body_age1"},
        	{ "predicate": { "custom_model_data": 1000065 }, "model": "item/models/penguin/penguin_legs_right_age1"},
        	{ "predicate": { "custom_model_data": 1000066 }, "model": "item/models/penguin/penguin_legs_left_age1"},
        	{ "predicate": { "custom_model_data": 1000067 }, "model": "item/models/penguin/penguin_body_age1_1"},
        	{ "predicate": { "custom_model_data": 1000068 }, "model": "item/models/penguin/penguin_legs_right_age1_1"},
        	{ "predicate": { "custom_model_data": 1000069 }, "model": "item/models/penguin/penguin_legs_left_age1_1"},
		{ "predicate": { "custom_model_data": 1000070 }, "model": "item/models/crab/crab_body1"},
		{ "predicate": { "custom_model_data": 1000071 }, "model": "item/models/crab/crab_legs_right_age1"},
		{ "predicate": { "custom_model_data": 1000072 }, "model": "item/models/crab/crab_legs_left_age1"},
        	{ "predicate": { "custom_model_data": 1000073 }, "model": "item/models/crab/crab_body_age1"},
        	{ "predicate": { "custom_model_data": 1000074 }, "model": "item/models/armadillo/armadillo.dog_right"},
        	{ "predicate": { "custom_model_data": 1000075 }, "model": "item/models/armadillo/armadillo.dog_left"},
        	{ "predicate": { "custom_model_data": 1000076 }, "model": "item/models/armadillo/armadillo.dog_sitt"},
        	{ "predicate": { "custom_model_data": 1000077 }, "model": "item/models/armadillo/armadillo.dog_sitt1"}
		]
}