{
 "parent": "minecraft:item/generated",
 "textures": {
  "layer0": "minecraft:item/item_frame"
 },

 "overrides": [
  { "predicate": {"custom_model_data": 53901}, "model": "slab/oak_slab"},
  { "predicate": {"custom_model_data": 53902}, "model": "slab/birch_slab"},
  { "predicate": {"custom_model_data": 53903}, "model": "slab/spruce_slab"},
  { "predicate": {"custom_model_data": 53904}, "model": "slab/jungle_slab"},
  { "predicate": {"custom_model_data": 53905}, "model": "slab/acacia_slab"},
  { "predicate": {"custom_model_data": 53906}, "model": "slab/dark_oak_slab"},
  { "predicate": {"custom_model_data": 53907}, "model": "slab/warped_slab"},
  { "predicate": {"custom_model_data": 53908}, "model": "slab/crimson_slab"},
  { "predicate": {"custom_model_data": 53909}, "model": "slab/mangrove_slab"},
  { "predicate": {"custom_model_data": 53910}, "model": "slab/cut_copper_slab"},
  { "predicate": {"custom_model_data": 53911}, "model": "slab/exposed_cut_copper_slab"},
  { "predicate": {"custom_model_data": 53912}, "model": "slab/weathered_cut_copper_slab"},
  { "predicate": {"custom_model_data": 53913}, "model": "slab/oxidized_cut_copper_slab"},
  { "predicate": {"custom_model_data": 53914}, "model": "slab/stone_slab"},
  { "predicate": {"custom_model_data": 53915}, "model": "slab/smooth_stone_slab"},
  { "predicate": {"custom_model_data": 53916}, "model": "slab/sandstone_slab"},
  { "predicate": {"custom_model_data": 53917}, "model": "slab/cut_sandstone_slab"},
  { "predicate": {"custom_model_data": 53918}, "model": "slab/cobblestone_slab"},
  { "predicate": {"custom_model_data": 53919}, "model": "slab/brick_slab"},
  { "predicate": {"custom_model_data": 53920}, "model": "slab/stone_brick_slab"},
  { "predicate": {"custom_model_data": 53921}, "model": "slab/mud_brick_slab"},
  { "predicate": {"custom_model_data": 53922}, "model": "slab/nether_brick_slab"},
  { "predicate": {"custom_model_data": 53923}, "model": "slab/quartz_slab"},
  { "predicate": {"custom_model_data": 53924}, "model": "slab/red_sandstone_slab"},
  { "predicate": {"custom_model_data": 53925}, "model": "slab/cut_red_sandstone_slab"},
  { "predicate": {"custom_model_data": 53926}, "model": "slab/purpur_slab"},
  { "predicate": {"custom_model_data": 53927}, "model": "slab/prismarine_slab"},
  { "predicate": {"custom_model_data": 53928}, "model": "slab/prismarine_brick_slab"},
  { "predicate": {"custom_model_data": 53929}, "model": "slab/dark_prismarine_slab"},
  { "predicate": {"custom_model_data": 53930}, "model": "slab/polished_granite_slab"},
  { "predicate": {"custom_model_data": 53931}, "model": "slab/smooth_red_sandstone_slab"},
  { "predicate": {"custom_model_data": 53932}, "model": "slab/mossy_stone_brick_slab"},
  { "predicate": {"custom_model_data": 53933}, "model": "slab/polished_diorite_slab"},
  { "predicate": {"custom_model_data": 53934}, "model": "slab/mossy_cobblestone_slab"},
  { "predicate": {"custom_model_data": 53935}, "model": "slab/end_stone_brick_slab"},
  { "predicate": {"custom_model_data": 53936}, "model": "slab/smooth_sandstone_slab"},
  { "predicate": {"custom_model_data": 53937}, "model": "slab/smooth_quartz_slab"},
  { "predicate": {"custom_model_data": 53938}, "model": "slab/granite_slab"},
  { "predicate": {"custom_model_data": 53939}, "model": "slab/andesite_slab"},
  { "predicate": {"custom_model_data": 53940}, "model": "slab/red_nether_brick_slab"},
  { "predicate": {"custom_model_data": 53941}, "model": "slab/diorite_slab"},
  { "predicate": {"custom_model_data": 53942}, "model": "slab/polished_deepslate_slab"},
  { "predicate": {"custom_model_data": 53943}, "model": "slab/cobbled_deepslate_slab"},
  { "predicate": {"custom_model_data": 53944}, "model": "slab/polished_andesite_slab"},
  { "predicate": {"custom_model_data": 53945}, "model": "slab/deepslate_tile_slab"},
  { "predicate": {"custom_model_data": 53946}, "model": "slab/deepslate_brick_slab"},
  { "predicate": {"custom_model_data": 53947}, "model": "slab/polished_blackstone_slab"},
  { "predicate": {"custom_model_data": 53948}, "model": "slab/blackstone_slab"},
  { "predicate": {"custom_model_data": 53949}, "model": "slab/polished_blackstone_brick_slab"},
  { "predicate": {"custom_model_data": 53950}, "model": "slab/bamboo_slab"},
  { "predicate": {"custom_model_data": 53951}, "model": "slab/bamboo_mosaic_slab"},
  { "predicate": {"custom_model_data": 53952}, "model": "slab/cherry_slab"}

 ]

 
}