{
  "parent": "minecraft:item/generated",
  "textures": {
    "layer0": "minecraft:item/leather_chestplate"
  },
  "overrides":
  [
    { "predicate": { "custom_model_data": 8471001}, "model": "jackbox_shirts/1"},
    { "predicate": { "custom_model_data": 8471002}, "model": "jackbox_shirts/2"},
    { "predicate": { "custom_model_data": 8471003}, "model": "jackbox_shirts/3"},
    { "predicate": { "custom_model_data": 8471004}, "model": "jackbox_shirts/4"},
    { "predicate": { "custom_model_data": 8471005}, "model": "jackbox_shirts/5"},
    { "predicate": { "custom_model_data": 8472001}, "model": "other/wifebeater"}

  ]
}