{
 "parent": "item/handheld",
 "textures": {
  "layer0": "item/stone_axe"
 },

 "overrides": [
   { "predicate": {"custom_model_data": 4561001}, "model": "item/stone/blackstone/axe"},
   { "predicate": {"custom_model_data": 4561002}, "model": "item/stone/endstone/axe"},
   { "predicate": {"custom_model_data": 4561003}, "model": "item/stone/prismarine/axe"},
   { "predicate": {"custom_model_data": 4561004}, "model": "item/stone/sandstone/axe"},
   { "predicate": {"custom_model_data": 4561005}, "model": "item/stone/netherrack/axe"},
   { "predicate": {"custom_model_data": 4561006}, "model": "item/stone/deepslate/axe"},
   { "predicate": {"custom_model_data": 4561007}, "model": "item/stone/andesite/axe"},
   { "predicate": {"custom_model_data": 4561008}, "model": "item/stone/diorite/axe"},
   { "predicate": {"custom_model_data": 4561009}, "model": "item/stone/granite/axe"}

 ]

 
}