{
 "parent": "item/handheld",
 "textures": {
  "layer0": "item/stone_shovel"
 },

 "overrides": [
   { "predicate": {"custom_model_data": 4561001}, "model": "item/stone/blackstone/shovel"},
   { "predicate": {"custom_model_data": 4561002}, "model": "item/stone/endstone/shovel"},
   { "predicate": {"custom_model_data": 4561003}, "model": "item/stone/prismarine/shovel"},
   { "predicate": {"custom_model_data": 4561004}, "model": "item/stone/sandstone/shovel"},
   { "predicate": {"custom_model_data": 4561005}, "model": "item/stone/netherrack/shovel"},
   { "predicate": {"custom_model_data": 4561006}, "model": "item/stone/deepslate/shovel"},
   { "predicate": {"custom_model_data": 4561007}, "model": "item/stone/andesite/shovel"},
   { "predicate": {"custom_model_data": 4561008}, "model": "item/stone/diorite/shovel"},
   { "predicate": {"custom_model_data": 4561009}, "model": "item/stone/granite/shovel"}

 ]

 
}