{
    "parent": "minecraft:item/handheld_rod",
    "textures": {
    "layer0": "minecraft:item/warped_fungus_on_a_stick"
    },
	"overrides": [
		{ "predicate": {"custom_model_data": 70001}, "model": "hephaestools:item/sickle/wooden"},
		{ "predicate": {"custom_model_data": 70002}, "model": "hephaestools:item/sickle/stone"},
		{ "predicate": {"custom_model_data": 70003}, "model": "hephaestools:item/sickle/iron"},
		{ "predicate": {"custom_model_data": 70004}, "model": "hephaestools:item/sickle/golden"},
		{ "predicate": {"custom_model_data": 70005}, "model": "hephaestools:item/sickle/diamond"},
		{ "predicate": {"custom_model_data": 70006}, "model": "hephaestools:item/sickle/netherite"},
		
		{ "predicate": {"custom_model_data": 70100}, "model": "xp_storage:item/xp_book_empty"},
		{ "predicate": {"custom_model_data": 70101}, "model": "xp_storage:item/xp_book"}
		]
}