{
 "parent": "item/handheld",
 "textures": {
  "layer0": "item/wooden_pickaxe"
 },

 "overrides": [
    { "predicate": {"custom_model_data": 4561001}, "model": "item/wood/acacia/pickaxe"},
    { "predicate": {"custom_model_data": 4561002}, "model": "item/wood/birch/pickaxe"},
    { "predicate": {"custom_model_data": 4561003}, "model": "item/wood/cherry/pickaxe"},
    { "predicate": {"custom_model_data": 4561004}, "model": "item/wood/dark_oak/pickaxe"},
    { "predicate": {"custom_model_data": 4561005}, "model": "item/wood/flowered/pickaxe"},
    { "predicate": {"custom_model_data": 4561006}, "model": "item/wood/jungle/pickaxe"},
    { "predicate": {"custom_model_data": 4561007}, "model": "item/wood/mangrove/pickaxe"},
    { "predicate": {"custom_model_data": 4561008}, "model": "item/wood/spruce/pickaxe"},
    { "predicate": {"custom_model_data": 4561009}, "model": "item/wood/bamboo/pickaxe"},
    { "predicate": {"custom_model_data": 4561010}, "model": "item/wood/crimson/pickaxe"},
    { "predicate": {"custom_model_data": 4561011}, "model": "item/wood/warped/pickaxe"}

 ]

 
}