{
 "parent": "item/handheld",
 "textures": {
  "layer0": "item/wooden_sword"
 },

 "overrides": [
  { "predicate": {"custom_model_data": 4561001}, "model": "item/wood/acacia/sword"},
  { "predicate": {"custom_model_data": 4561002}, "model": "item/wood/birch/sword"},
  { "predicate": {"custom_model_data": 4561003}, "model": "item/wood/cherry/sword"},
  { "predicate": {"custom_model_data": 4561004}, "model": "item/wood/dark_oak/sword"},
  { "predicate": {"custom_model_data": 4561005}, "model": "item/wood/flowered/sword"},
  { "predicate": {"custom_model_data": 4561006}, "model": "item/wood/jungle/sword"},
  { "predicate": {"custom_model_data": 4561007}, "model": "item/wood/mangrove/sword"},
  { "predicate": {"custom_model_data": 4561008}, "model": "item/wood/spruce/sword"},
  { "predicate": {"custom_model_data": 4561009}, "model": "item/wood/bamboo/sword"},
  { "predicate": {"custom_model_data": 4561010}, "model": "item/wood/crimson/sword"},
  { "predicate": {"custom_model_data": 4561011}, "model": "item/wood/warped/sword"}
  
 ]

 
}