{
 "parent": "item/handheld",
 "textures": {
  "layer0": "item/wooden_axe"
 },

 "overrides": [
    { "predicate": {"custom_model_data": 4561001}, "model": "item/wood/acacia/axe"},
    { "predicate": {"custom_model_data": 4561002}, "model": "item/wood/birch/axe"},
    { "predicate": {"custom_model_data": 4561003}, "model": "item/wood/cherry/axe"},
    { "predicate": {"custom_model_data": 4561004}, "model": "item/wood/dark_oak/axe"},
    { "predicate": {"custom_model_data": 4561005}, "model": "item/wood/flowered/axe"},
    { "predicate": {"custom_model_data": 4561006}, "model": "item/wood/jungle/axe"},
    { "predicate": {"custom_model_data": 4561007}, "model": "item/wood/mangrove/axe"},
    { "predicate": {"custom_model_data": 4561008}, "model": "item/wood/spruce/axe"},
    { "predicate": {"custom_model_data": 4561009}, "model": "item/wood/bamboo/axe"},
    { "predicate": {"custom_model_data": 4561010}, "model": "item/wood/crimson/axe"},
    { "predicate": {"custom_model_data": 4561011}, "model": "item/wood/warped/axe"}

 ]

 
}