{
 "parent": "item/handheld",
 "textures": {
  "layer0": "item/wooden_hoe"
 },

 "overrides": [
    { "predicate": {"custom_model_data": 4561001}, "model": "item/wood/acacia/hoe"},
    { "predicate": {"custom_model_data": 4561002}, "model": "item/wood/birch/hoe"},
    { "predicate": {"custom_model_data": 4561003}, "model": "item/wood/cherry/hoe"},
    { "predicate": {"custom_model_data": 4561004}, "model": "item/wood/dark_oak/hoe"},
    { "predicate": {"custom_model_data": 4561005}, "model": "item/wood/flowered/hoe"},
    { "predicate": {"custom_model_data": 4561006}, "model": "item/wood/jungle/hoe"},
    { "predicate": {"custom_model_data": 4561007}, "model": "item/wood/mangrove/hoe"},
    { "predicate": {"custom_model_data": 4561008}, "model": "item/wood/spruce/hoe"},
    { "predicate": {"custom_model_data": 4561009}, "model": "item/wood/bamboo/hoe"},
    { "predicate": {"custom_model_data": 4561010}, "model": "item/wood/crimson/hoe"},
    { "predicate": {"custom_model_data": 4561011}, "model": "item/wood/warped/hoe"}

 ]

 
}