{
	"credit": " Made by koncept ",
	"parent": "minecraft:block/cube_all",
	"texture_size": [64, 64],
	"textures": {
		"0": "block/custom/penguin",
		"particle": "block/custom/penguin"
	},
	"elements": [
		{
			"from": [3, 4, 4],
			"to": [11, 14, 12],
			"rotation": {"angle": 0, "axis": "y", "origin": [0, 2, 0]},
			"faces": {
				"north": {"uv": [0, 2, 2, 4.5], "texture": "#0", "tintindex": 1},
				"east": {"uv": [4, 2, 2, 4.5], "texture": "#0", "tintindex": 1},
				"south": {"uv": [11, 3.5, 13, 6], "texture": "#0", "tintindex": 1},
				"west": {"uv": [2, 2, 4, 4.5], "texture": "#0", "tintindex": 1},
				"up": {"uv": [0, 0, 2, 2], "texture": "#0", "tintindex": 1},
				"down": {"uv": [0, 4.5, 2, 6.5], "rotation": 180, "texture": "#0", "tintindex": 1}
			}
		},
		{
			"from": [15, -1, 4],
			"to": [16, 9, 12],
			"rotation": {"angle": 22.5, "axis": "z", "origin": [0, 2, 0]},
			"faces": {
				"north": {"uv": [2, 6.75, 2.25, 9.25], "texture": "#0", "tintindex": 1},
				"east": {"uv": [0, 6.75, 2, 9.25], "texture": "#0", "tintindex": 1},
				"south": {"uv": [0, 6.75, 0.25, 9.25], "texture": "#0", "tintindex": 1},
				"west": {"uv": [2, 6.75, 0, 9.25], "texture": "#0", "tintindex": 1},
				"up": {"uv": [0, 6.5, 2, 6.75], "texture": "#0", "tintindex": 1},
				"down": {"uv": [0, 9.25, 2, 9.5], "texture": "#0", "tintindex": 1}
			}
		},
		{
			"from": [-3, 4.5, 4],
			"to": [-2, 14.5, 12],
			"rotation": {"angle": -22.5, "axis": "z", "origin": [0, 2, 0]},
			"faces": {
				"north": {"uv": [2, 6.75, 2.25, 9.25], "texture": "#0", "tintindex": 1},
				"east": {"uv": [0, 6.75, 2, 9.25], "texture": "#0", "tintindex": 1},
				"south": {"uv": [0, 6.75, 0.25, 9.25], "texture": "#0", "tintindex": 1},
				"west": {"uv": [2, 6.75, 0, 9.25], "texture": "#0", "tintindex": 1},
				"up": {"uv": [0, 6.5, 2, 6.75], "texture": "#0", "tintindex": 1},
				"down": {"uv": [0, 9.25, 2, 9.5], "texture": "#0", "tintindex": 1}
			}
		},
		{
			"from": [3, 14, 4],
			"to": [11, 20, 12],
			"rotation": {"angle": 0, "axis": "y", "origin": [0, 2, 0]},
			"faces": {
				"north": {"uv": [7, 2, 9, 3.5], "texture": "#0", "tintindex": 1},
				"east": {"uv": [11, 2, 9, 3.5], "texture": "#0", "tintindex": 1},
				"south": {"uv": [11, 2, 13, 3.5], "texture": "#0", "tintindex": 1},
				"west": {"uv": [9, 2, 11, 3.5], "texture": "#0", "tintindex": 1},
				"up": {"uv": [7, 2, 9, 0], "texture": "#0", "tintindex": 1},
				"down": {"uv": [7, 3.5, 9, 5.5], "texture": "#0", "tintindex": 1}
			}
		},
		{
			"from": [6, 14, 2],
			"to": [8, 15, 3],
			"rotation": {"angle": 0, "axis": "y", "origin": [0, 2, 0]},
			"faces": {
				"north": {"uv": [9.75, 0.75, 10.25, 1], "texture": "#0", "tintindex": 1},
				"east": {"uv": [9.75, 0.75, 10.25, 1], "texture": "#0", "tintindex": 1},
				"south": {"uv": [9.75, 1.25, 10.25, 1.75], "texture": "#0", "tintindex": 1},
				"west": {"uv": [9.75, 0.75, 10.25, 1], "texture": "#0", "tintindex": 1},
				"up": {"uv": [9.75, 1.25, 10.25, 1.75], "texture": "#0", "tintindex": 1},
				"down": {"uv": [9.75, 0.75, 10.25, 1], "texture": "#0", "tintindex": 1}
			}
		},
		{
			"from": [6, 15, 2],
			"to": [8, 17, 4],
			"rotation": {"angle": 0, "axis": "y", "origin": [0, 2, 0]},
			"faces": {
				"north": {"uv": [9.75, 1.25, 10.25, 1.75], "rotation": 180, "texture": "#0", "tintindex": 1},
				"east": {"uv": [9.75, 1.25, 10.25, 1.75], "rotation": 180, "texture": "#0", "tintindex": 1},
				"south": {"uv": [9.75, 1.25, 10.25, 1.75], "texture": "#0", "tintindex": 1},
				"west": {"uv": [9.75, 1.25, 10.25, 1.75], "rotation": 180, "texture": "#0", "tintindex": 1},
				"up": {"uv": [9.25, 0.75, 9.75, 1.25], "texture": "#0", "tintindex": 1},
				"down": {"uv": [9.75, 1.25, 10.25, 1.75], "texture": "#0", "tintindex": 1}
			}
		},
		{
			"from": [2, 18, 3.9],
			"to": [6, 21, 3.9],
			"rotation": {"angle": 0, "axis": "y", "origin": [0, 2, 0]},
			"faces": {
				"north": {"uv": [9.25, 0, 10.25, 0.75], "texture": "#0", "tintindex": 1},
				"east": {"uv": [0, 0, 0, 0.75], "texture": "#missing", "tintindex": 1},
				"south": {"uv": [10.25, 0, 9.25, 0.75], "texture": "#0", "tintindex": 1},
				"west": {"uv": [0, 0, 0, 0.75], "texture": "#missing", "tintindex": 1},
				"up": {"uv": [0, 0, 1, 0], "texture": "#missing", "tintindex": 1},
				"down": {"uv": [0, 0, 1, 0], "texture": "#missing", "tintindex": 1}
			}
		},
		{
			"from": [2, 18, 3.9],
			"to": [2, 21, 8.9],
			"rotation": {"angle": 0, "axis": "y", "origin": [0, 2, 0]},
			"faces": {
				"north": {"uv": [0, 0, 0, 0.75], "texture": "#missing", "tintindex": 1},
				"east": {"uv": [11.5, 0, 10.25, 0.75], "texture": "#0", "tintindex": 1},
				"south": {"uv": [0, 0, 0, 0.75], "texture": "#missing", "tintindex": 1},
				"west": {"uv": [10.25, 0, 11.5, 0.75], "texture": "#0", "tintindex": 1},
				"up": {"uv": [0, 0, 1, 0], "rotation": 270, "texture": "#missing", "tintindex": 1},
				"down": {"uv": [0, 0, 1, 0], "rotation": 90, "texture": "#missing", "tintindex": 1}
			}
		},
		{
			"from": [8, 18, 3.9],
			"to": [12, 21, 3.9],
			"rotation": {"angle": 0, "axis": "y", "origin": [0, 2, 0]},
			"faces": {
				"north": {"uv": [10.25, 0, 9.25, 0.75], "texture": "#0", "tintindex": 1},
				"east": {"uv": [0, 0, 0, 0.75], "texture": "#missing", "tintindex": 1},
				"south": {"uv": [9.25, 0, 10.25, 0.75], "texture": "#0", "tintindex": 1},
				"west": {"uv": [0, 0, 0, 0.75], "texture": "#missing", "tintindex": 1},
				"up": {"uv": [0, 0, 1, 0], "texture": "#missing", "tintindex": 1},
				"down": {"uv": [0, 0, 1, 0], "texture": "#missing", "tintindex": 1}
			}
		},
		{
			"from": [2, 21, 3.9],
			"to": [3, 21, 8.9],
			"rotation": {"angle": 0, "axis": "z", "origin": [0, 2, 0]},
			"faces": {
				"north": {"uv": [0, 0, 0, 0.75], "rotation": 270, "texture": "#missing", "tintindex": 1},
				"east": {"uv": [0, 0, 1, 0], "texture": "#missing", "tintindex": 1},
				"south": {"uv": [0, 0, 0, 0.75], "rotation": 90, "texture": "#missing", "tintindex": 1},
				"west": {"uv": [0, 0, 1, 0], "rotation": 180, "texture": "#missing", "tintindex": 1},
				"up": {"uv": [10.25, 0, 11.5, 0.25], "rotation": 90, "texture": "#0", "tintindex": 1},
				"down": {"uv": [11.5, 0, 10.25, 0.25], "rotation": 90, "texture": "#0", "tintindex": 1}
			}
		},
		{
			"from": [12, 18, 3.9],
			"to": [12, 21, 8.9],
			"rotation": {"angle": 0, "axis": "y", "origin": [0, 2, 0]},
			"faces": {
				"north": {"uv": [0, 0, 0, 0.75], "texture": "#missing", "tintindex": 1},
				"east": {"uv": [11.5, 0, 10.25, 0.75], "texture": "#0", "tintindex": 1},
				"south": {"uv": [0, 0, 0, 0.75], "texture": "#missing", "tintindex": 1},
				"west": {"uv": [10.25, 0, 11.5, 0.75], "texture": "#0", "tintindex": 1},
				"up": {"uv": [0, 0, 1, 0], "rotation": 270, "texture": "#missing", "tintindex": 1},
				"down": {"uv": [0, 0, 1, 0], "rotation": 90, "texture": "#missing", "tintindex": 1}
			}
		},
		{
			"from": [11, 21, 3.9],
			"to": [12, 21, 8.9],
			"rotation": {"angle": 0, "axis": "y", "origin": [0, 2, 0]},
			"faces": {
				"north": {"uv": [0, 0, 0, 0.75], "rotation": 270, "texture": "#missing", "tintindex": 1},
				"east": {"uv": [0, 0, 1, 0], "texture": "#missing", "tintindex": 1},
				"south": {"uv": [0, 0, 0, 0.75], "rotation": 90, "texture": "#missing", "tintindex": 1},
				"west": {"uv": [0, 0, 1, 0], "rotation": 180, "texture": "#missing", "tintindex": 1},
				"up": {"uv": [10.25, 0, 11.5, 0.25], "rotation": 90, "texture": "#0", "tintindex": 1},
				"down": {"uv": [11.5, 0, 10.25, 0.25], "rotation": 90, "texture": "#0", "tintindex": 1}
			}
		}
	],
	"display": {
		"thirdperson_righthand": {
			"scale": [0.32, 0.32, 0.32]
		},
		"head": {
			"translation": [0, -27, -0.75],
			"scale": [2.05, 2.05, 2.05]
		},
		"fixed": {
			"rotation": [-90, 0, 0],
			"translation": [0, 0, -47],
			"scale": [2.53, 2.53, 2.53]
		}
	},
	"groups": [
		{
			"name": "group",
			"origin": [0, 0, 0],
			"color": 0,
			"nbt": "{}",
			"children": [0, 1, 2]
		},
		{
			"name": "group",
			"origin": [0, 0, 0],
			"color": 0,
			"nbt": "{}",
			"children": [3, 4, 5, 6, 7, 8]
		},
		9,
		10,
		11
	]
}