{
	"credit": "Made with Blockbench",
	"parent": "item/handheld_rod",
	"textures": {
		"layer0": "hephaestools:item/sickle/golden"
	},
	"display": {
		"thirdperson_righthand": {
			"rotation": [0, 0, 55],
			"translation": [0, 4, 0.5],
			"scale": [0.85, 0.85, 0.85]
		},
		"thirdperson_lefthand": {
			"rotation": [0, 180, -55],
			"translation": [0, 4, 0.5],
			"scale": [0.85, 0.85, 0.85]
		},
		"firstperson_righthand": {
			"rotation": [0, -90, 25],
			"translation": [1.13, 3.2, 1.13],
			"scale": [0.68, 0.68, 0.68]
		},
		"firstperson_lefthand": {
			"rotation": [0, 90, -25],
			"translation": [1.13, 3.2, 1.13],
			"scale": [0.68, 0.68, 0.68]
		},
		"ground": {
			"translation": [0, 2, 0],
			"scale": [0.5, 0.5, 0.5]
		},
		"head": {
			"rotation": [0, 90, 0],
			"translation": [0, 7, -5.25]
		}
	},
	"groups": [
		{
			"name": "golden",
			"origin": [8, 8, 8],
			"color": 0,
			"children": []
		}
	]
}