{
	"credit": " Made by koncept ",
	"parent": "minecraft:block/cube_all",
	"texture_size": [32, 32],
	"textures": {
		"3": "block/custom/crab"
	},
	"elements": [
		{
			"from": [12, 9.5, 9],
			"to": [14, 10.5, 14],
			"rotation": {"angle": 22.5, "axis": "x", "origin": [4, 0, 0]},
			"faces": {
				"north": {"uv": [6.5, 7.5, 7.5, 8], "texture": "#3", "tintindex": 1},
				"east": {"uv": [9.5, 7.5, 7, 8], "texture": "#3", "tintindex": 1},
				"south": {"uv": [0, 0, 1, 0], "texture": "#missing", "tintindex": 1},
				"west": {"uv": [7.5, 7.5, 9.5, 8], "texture": "#3", "tintindex": 1},
				"up": {"uv": [7, 8.5, 9.5, 7.5], "rotation": 90, "texture": "#3", "tintindex": 1},
				"down": {"uv": [9.5, 7.5, 7, 8.5], "rotation": 90, "texture": "#3", "tintindex": 1}
			}
		},
		{
			"from": [12, -7.4, 16.3],
			"to": [14, -2.4, 17.3],
			"rotation": {"angle": -22.5, "axis": "x", "origin": [4, 0, 0]},
			"faces": {
				"north": {"uv": [9.5, 7.5, 12, 8.5], "rotation": 270, "texture": "#3", "tintindex": 1},
				"east": {"uv": [10, 7.5, 12, 8], "rotation": 270, "texture": "#3", "tintindex": 1},
				"south": {"uv": [9.5, 7.5, 12, 8.5], "rotation": 90, "texture": "#3", "tintindex": 1},
				"west": {"uv": [9.5, 7.5, 12, 8], "rotation": 90, "texture": "#3", "tintindex": 1},
				"up": {"uv": [0, 0, 1, 0], "rotation": 180, "texture": "#missing", "tintindex": 1},
				"down": {"uv": [9, 8, 10, 8.5], "texture": "#3", "tintindex": 1}
			}
		},
		{
			"from": [2, -7.4, 16.3],
			"to": [4, -2.4, 17.3],
			"rotation": {"angle": -22.5, "axis": "x", "origin": [-6, 0, 0]},
			"faces": {
				"north": {"uv": [9.5, 7.5, 12, 8.5], "rotation": 270, "texture": "#3", "tintindex": 1},
				"east": {"uv": [10, 7.5, 12, 8], "rotation": 270, "texture": "#3", "tintindex": 1},
				"south": {"uv": [9.5, 7.5, 12, 8.5], "rotation": 90, "texture": "#3", "tintindex": 1},
				"west": {"uv": [9.5, 7.5, 12, 8], "rotation": 90, "texture": "#3", "tintindex": 1},
				"up": {"uv": [0, 0, 1, 0], "rotation": 180, "texture": "#missing", "tintindex": 1},
				"down": {"uv": [9, 8, 10, 8.5], "texture": "#3", "tintindex": 1}
			}
		},
		{
			"from": [2, 9.5, 9],
			"to": [4, 10.5, 14],
			"rotation": {"angle": 22.5, "axis": "x", "origin": [-6, 0, 0]},
			"faces": {
				"north": {"uv": [6.5, 7.5, 7.5, 8], "texture": "#3", "tintindex": 1},
				"east": {"uv": [9.5, 7.5, 7, 8], "texture": "#3", "tintindex": 1},
				"south": {"uv": [0, 0, 1, 0], "texture": "#missing", "tintindex": 1},
				"west": {"uv": [7.5, 7.5, 9.5, 8], "texture": "#3", "tintindex": 1},
				"up": {"uv": [7, 8.5, 9.5, 7.5], "rotation": 90, "texture": "#3", "tintindex": 1},
				"down": {"uv": [9.5, 7.5, 7, 8.5], "rotation": 90, "texture": "#3", "tintindex": 1}
			}
		},
		{
			"from": [7, -1, -5.51],
			"to": [9, 4, -4.51],
			"rotation": {"angle": 22.5, "axis": "x", "origin": [-2, 0, -3]},
			"faces": {
				"north": {"uv": [12, 7.5, 9.5, 8.5], "rotation": 270, "texture": "#3", "tintindex": 1},
				"east": {"uv": [9, 8, 11.5, 8.5], "rotation": 270, "texture": "#3", "tintindex": 1},
				"south": {"uv": [12, 7.5, 9.5, 8.5], "rotation": 90, "texture": "#3", "tintindex": 1},
				"west": {"uv": [9.5, 7.5, 12, 8], "rotation": 90, "texture": "#3", "tintindex": 1},
				"up": {"uv": [0, 0, 1, 0], "rotation": 180, "texture": "#missing", "tintindex": 1},
				"down": {"uv": [9, 8, 10, 8.5], "texture": "#3", "tintindex": 1}
			}
		},
		{
			"from": [7, 3.6, -2],
			"to": [9, 4.6, 3],
			"rotation": {"angle": -22.5, "axis": "x", "origin": [-2, 0, -3]},
			"faces": {
				"north": {"uv": [0, 0, 1, 0], "texture": "#missing", "tintindex": 1},
				"east": {"uv": [7, 8, 9.5, 8.5], "texture": "#3", "tintindex": 1},
				"south": {"uv": [6.5, 8, 7.5, 7.5], "texture": "#3", "tintindex": 1},
				"west": {"uv": [9.5, 7.5, 7, 8], "texture": "#3", "tintindex": 1},
				"up": {"uv": [9.5, 8.5, 7, 7.5], "rotation": 90, "texture": "#3", "tintindex": 1},
				"down": {"uv": [7, 7.5, 9.5, 8.5], "rotation": 90, "texture": "#3", "tintindex": 1}
			}
		}
	],
	"display": {
		"thirdperson_righthand": {
			"rotation": [90, 0, 0],
			"translation": [-6, -2, -8.5],
			"scale": [0.4, 0.4, 0.4]
		},
		"thirdperson_lefthand": {
			"rotation": [90, 0, 0],
			"translation": [-6, -2.5, -8.5],
			"scale": [0.4, 0.4, 0.4]
		},
		"head": {
			"translation": [0, -27, -0.75],
			"scale": [2.05, 2.05, 2.05]
		},
		"fixed": {
			"rotation": [-90, 0, 0],
			"translation": [0, 0, -47],
			"scale": [2.53, 2.53, 2.53]
		}
	},
	"groups": [
		{
			"name": "group",
			"origin": [3, 0, 0],
			"color": 0,
			"nbt": "{}",
			"children": []
		},
		0,
		1,
		2,
		3,
		4,
		5
	]
}