{
	"credit": " Made by koncept ",
	"parent": "minecraft:block/cube_all",
	"texture_size": [32, 32],
	"textures": {
		"0": "block/custom/crab_bl",
		"particle": "block/custom/crab_bl"
	},
	"elements": [
		{
			"from": [0, 8, 0],
			"to": [16, 24, 16],
			"faces": {
				"north": {"uv": [0, 0, 16, 16], "texture": "#0", "tintindex": 1},
				"east": {"uv": [0, 0, 16, 16], "texture": "#0", "tintindex": 1},
				"south": {"uv": [0, 0, 16, 16], "texture": "#0", "tintindex": 1},
				"west": {"uv": [0, 0, 16, 16], "texture": "#0", "tintindex": 1},
				"up": {"uv": [0, 0, 16, 16], "texture": "#0", "tintindex": 1},
				"down": {"uv": [0, 0, 16, 16], "texture": "#0", "tintindex": 1}
			}
		}
	],
	"display": {
		"thirdperson_righthand": {
			"scale": [0.32, 0.32, 0.32]
		},
		"head": {
			"translation": [0, -27, -0.75],
			"scale": [2.05, 2.05, 2.05]
		},
		"fixed": {
			"rotation": [-90, 0, 0],
			"translation": [0, 0, -47],
			"scale": [2.53, 2.53, 2.53]
		}
	}
}