{
	"credit": "Made with Blockbench",
	"texture_size": [64, 64],
	"textures": {
		"0": "pokeball:item/pokeball",
		"particle": "pokeball:item/pokeball"
	},
	"elements": [
		{
			"from": [0, 0, 0],
			"to": [16, 8, 16],
			"rotation": {"angle": 0, "axis": "y", "origin": [8, 8, 8]},
			"faces": {
				"north": {"uv": [4, 4, 8, 6], "texture": "#0"},
				"east": {"uv": [0, 4, 4, 6], "texture": "#0"},
				"south": {"uv": [12, 4, 16, 6], "texture": "#0"},
				"west": {"uv": [8, 4, 12, 6], "texture": "#0"},
				"up": {"uv": [8, 4, 4, 0], "texture": "#0"},
				"down": {"uv": [12, 0, 8, 4], "texture": "#0"}
			}
		},
		{
			"from": [6, 6, -1],
			"to": [10, 10, 1],
			"rotation": {"angle": 45, "axis": "x", "origin": [8, 8, 16]},
			"faces": {
				"north": {"uv": [0.5, 0.5, 1.5, 1.5], "texture": "#0"},
				"east": {"uv": [0, 0.5, 0.5, 1.5], "texture": "#0"},
				"south": {"uv": [2, 0.5, 3, 1.5], "texture": "#0"},
				"west": {"uv": [1.5, 0.5, 2, 1.5], "texture": "#0"},
				"up": {"uv": [1.5, 0.5, 0.5, 0], "texture": "#0"},
				"down": {"uv": [2.5, 0, 1.5, 0.5], "texture": "#0"}
			}
		},
		{
			"from": [0, 8, 0],
			"to": [16, 16, 16],
			"rotation": {"angle": 45, "axis": "x", "origin": [8, 8, 16]},
			"faces": {
				"north": {"uv": [4, 10, 8, 12], "texture": "#0"},
				"east": {"uv": [0, 10, 4, 12], "texture": "#0"},
				"south": {"uv": [12, 10, 16, 12], "texture": "#0"},
				"west": {"uv": [8, 10, 12, 12], "texture": "#0"},
				"up": {"uv": [8, 10, 4, 6], "texture": "#0"},
				"down": {"uv": [12, 6, 8, 10], "texture": "#0"}
			}
		}
	],
	"display": {
		"thirdperson_righthand": {
			"rotation": [75, 45, 0],
			"translation": [0, 2.5, 0],
			"scale": [0.25, 0.25, 0.25]
		},
		"thirdperson_lefthand": {
			"rotation": [75, 45, 0],
			"translation": [0, 2.5, 0],
			"scale": [0.25, 0.25, 0.25]
		},
		"firstperson_righthand": {
			"rotation": [0, 90, 0],
			"translation": [0, 1, 0],
			"scale": [0.25, 0.25, 0.25]
		},
		"firstperson_lefthand": {
			"rotation": [0, 90, 0],
			"translation": [0, 1, 0],
			"scale": [0.25, 0.25, 0.25]
		},
		"ground": {
			"translation": [0, 3, 0],
			"scale": [0.25, 0.25, 0.25]
		},
		"gui": {
			"rotation": [30, 225, 0],
			"scale": [0.55, 0.55, 0.55]
		},
		"fixed": {
			"rotation": [-90, 0, 0],
			"translation": [0, 0, -3],
			"scale": [0.5, 0.5, 0.5]
		}
	}
}